term,crn,catalog_id,section,credits,title,meetings,timecodes,primary_instructor,instructors,cap,act,rem
Summer2023,53253,ACCT 2203,01,3.000,Intermediate Accounting I,"[{'days': 'MW', 'times': '0600pm-0930pm', 'dates': '05/22-05/24', 'location': 'ONLINE '}, {'days': 'MW', 'times': '0600pm-0930pm', 'dates': '05/31-06/28', 'location': 'ONLINE '}, {'days': 'R', 'times': '0600pm-0930pm', 'dates': '06/01-06/01', 'location': 'ONLINE '}]","['MW 0600pm-0930pm 05/22-05/24 ONLINE ', 'MW 0600pm-0930pm 05/31-06/28 ONLINE ', 'MW 0600pm-0930pm 05/31-06/28 ONLINE ', 'R 0600pm-0930pm 06/01-06/01 ONLINE ', 'R 0600pm-0930pm 06/01-06/01 ONLINE ']",Scott M  Brenner,Scott M  Brenner (P),25,13,12
Summer2023,53051,ACCT 2204,01,3.000,Intermediate Accounting II,"[{'days': 'MW', 'times': '0600pm-0930pm', 'dates': '07/10-08/09', 'location': 'ONLINE '}]",['MW 0600pm-0930pm 07/10-08/09 ONLINE '],Scott M  Brenner,Scott M  Brenner (P),25,15,10
Summer2023,53192,ACCT 2980,01,1.000,Internship,[],[],Sarah Jennie  Bollinger,Sarah Jennie  Bollinger (P),30,4,26
Summer2023,53193,ACCT 3980,01,3.000,Internship,[],[],Sarah Jennie  Bollinger,Sarah Jennie  Bollinger (P),30,12,18
Summer2023,53288,ACCT 5400,01,3.000,Introduction to Accounting,[],[],Richard   Hunter,Richard   Hunter (P),28,25,3
Summer2023,53559,ACCT 5400,02,3.000,Introduction to Accounting,[],[],Richard   Hunter,Richard   Hunter (P),28,23,5
Summer2023,53257,ACCT 6580,01,3.000,Financial Statement Analysis,"[{'days': 'M', 'times': '0300pm-0600pm', 'dates': '05/22-05/22', 'location': 'DSBN 201'}, {'days': 'R', 'times': '0830am-1130am', 'dates': '05/25-05/25', 'location': 'DSBN 201'}, {'days': 'W', 'times': '0830am-1130am', 'dates': '05/31-05/31', 'location': 'DSBN 201'}, {'days': 'F', 'times': '0900am-1200pm', 'dates': '06/02-06/02', 'location': 'DSBN 201'}, {'days': 'MR', 'times': '0830am-1130am', 'dates': '06/05-06/30', 'location': 'DSBN 201'}, {'days': 'T', 'times': '0630pm-0930pm', 'dates': '06/20-06/20', 'location': 'DSBN 201'}]","['M 0300pm-0600pm 05/22-05/22 DSBN 201', 'R 0830am-1130am 05/25-05/25 DSBN 201', 'R 0830am-1130am 05/25-05/25 DSBN 201', 'W 0830am-1130am 05/31-05/31 DSBN 201', 'W 0830am-1130am 05/31-05/31 DSBN 201', 'F 0900am-1200pm 06/02-06/02 DSBN 201', 'F 0900am-1200pm 06/02-06/02 DSBN 201', 'MR 0830am-1130am 06/05-06/30 DSBN 201', 'MR 0830am-1130am 06/05-06/30 DSBN 201', 'T 0630pm-0930pm 06/20-06/20 DSBN 201', 'T 0630pm-0930pm 06/20-06/20 DSBN 201']",Kristen Ann  Tharrington,Kristen Ann  Tharrington (P),20,22,-2
Summer2023,53258,ACCT 6580,02,3.000,Financial Statement Analysis,"[{'days': 'M', 'times': '0300pm-0600pm', 'dates': '05/22-05/22', 'location': 'DSBN 201'}, {'days': 'R', 'times': '1200pm-0300pm', 'dates': '05/25-05/25', 'location': 'DSBN 201'}, {'days': 'W', 'times': '1200pm-0300pm', 'dates': '05/31-05/31', 'location': 'DSBN 201'}, {'days': 'F', 'times': '0900am-1200pm', 'dates': '06/02-06/02', 'location': 'DSBN 201'}, {'days': 'MR', 'times': '1200pm-0300pm', 'dates': '06/05-06/30', 'location': 'DSBN 201'}, {'days': 'T', 'times': '0630pm-0930pm', 'dates': '06/20-06/20', 'location': 'DSBN 201'}]","['M 0300pm-0600pm 05/22-05/22 DSBN 201', 'R 1200pm-0300pm 05/25-05/25 DSBN 201', 'R 1200pm-0300pm 05/25-05/25 DSBN 201', 'W 1200pm-0300pm 05/31-05/31 DSBN 201', 'W 1200pm-0300pm 05/31-05/31 DSBN 201', 'F 0900am-1200pm 06/02-06/02 DSBN 201', 'F 0900am-1200pm 06/02-06/02 DSBN 201', 'MR 1200pm-0300pm 06/05-06/30 DSBN 201', 'MR 1200pm-0300pm 06/05-06/30 DSBN 201', 'T 0630pm-0930pm 06/20-06/20 DSBN 201', 'T 0630pm-0930pm 06/20-06/20 DSBN 201']",Kristen Ann  Tharrington,Kristen Ann  Tharrington (P),20,20,0
Summer2023,53259,ACCT 6580,03,3.000,Financial Statement Analysis,"[{'days': 'M', 'times': '0300pm-0600pm', 'dates': '05/22-05/22', 'location': 'DSBN 201'}, {'days': 'R', 'times': '0330pm-0630pm', 'dates': '05/25-05/25', 'location': 'DSBN 201'}, {'days': 'W', 'times': '0330pm-0630pm', 'dates': '05/31-05/31', 'location': 'DSBN 201'}, {'days': 'F', 'times': '0900am-1200pm', 'dates': '06/02-06/02', 'location': 'DSBN 201'}, {'days': 'MR', 'times': '0330pm-0630pm', 'dates': '06/05-06/30', 'location': 'DSBN 201'}, {'days': 'T', 'times': '0630pm-0930pm', 'dates': '06/20-06/20', 'location': 'DSBN 201'}]","['M 0300pm-0600pm 05/22-05/22 DSBN 201', 'R 0330pm-0630pm 05/25-05/25 DSBN 201', 'R 0330pm-0630pm 05/25-05/25 DSBN 201', 'W 0330pm-0630pm 05/31-05/31 DSBN 201', 'W 0330pm-0630pm 05/31-05/31 DSBN 201', 'F 0900am-1200pm 06/02-06/02 DSBN 201', 'F 0900am-1200pm 06/02-06/02 DSBN 201', 'MR 0330pm-0630pm 06/05-06/30 DSBN 201', 'MR 0330pm-0630pm 06/05-06/30 DSBN 201', 'T 0630pm-0930pm 06/20-06/20 DSBN 201', 'T 0630pm-0930pm 06/20-06/20 DSBN 201']",Kristen Ann  Tharrington,Kristen Ann  Tharrington (P),20,20,0
Summer2023,53427,DATA 2980,01,1.000,Internship,[],[],Sarah Jennie  Bollinger,Sarah Jennie  Bollinger (P),30,0,30
Summer2023,53458,DATA 3260,01,3.000,Database Systems,[],[],Yasin   Ozcelik,Yasin   Ozcelik (P),20,7,13
Summer2023,53428,DATA 3980,01,3.000,Internship,[],[],Sarah Jennie  Bollinger,Sarah Jennie  Bollinger (P),30,0,30
Summer2023,53243,DATA 5400,01,3.000,Applied Business Statistics,[],[],Xin Xin   He,Xin Xin   He (P),20,14,6
Summer2023,53244,DATA 5405,01,3.000,Python Fundamentals,[],[],Jie   Tao,Jie   Tao (P),20,16,4
Summer2023,53419,DATA 5405,02,3.000,Python Fundamentals,[],[],Jie   Tao,Jie   Tao (P),20,16,4
Summer2023,53357,DATA 6575,01,3.000,Deep Learning and Artificial Intelligence,"[{'days': 'T', 'times': '0630pm-0930pm', 'dates': '05/22-06/30', 'location': 'DSBN L03'}, {'days': 'S', 'times': '0900am-0500pm', 'dates': '06/03-06/03', 'location': 'DSBN L03'}, {'days': 'S', 'times': '0900am-0500pm', 'dates': '06/17-06/17', 'location': 'DSBN L03'}, {'days': 'S', 'times': '0900am-0500pm', 'dates': '06/24-06/24', 'location': 'DSBN L03'}]","['T 0630pm-0930pm 05/22-06/30 DSBN L03', 'S 0900am-0500pm 06/03-06/03 DSBN L03', 'S 0900am-0500pm 06/03-06/03 DSBN L03', 'S 0900am-0500pm 06/17-06/17 DSBN L03', 'S 0900am-0500pm 06/17-06/17 DSBN L03', 'S 0900am-0500pm 06/24-06/24 DSBN L03', 'S 0900am-0500pm 06/24-06/24 DSBN L03']",Jie   Tao,Jie   Tao (P),20,11,9
Summer2023,53245,DATA 6999,01,3.000,Capstone: Business Analytics Applications,[],[],Illya   Mowerman,Illya   Mowerman (P),20,14,6
Summer2023,53534,DATA 6999,02,3.000,Capstone: Business Analytics Applications,[],[],Xin Xin   He,Xin Xin   He (P),20,4,16
Summer2023,53082,ANTH 1110,01,3.000,Cultural Anthropology,[],[],Sarah A.  Wessler,Sarah A.  Wessler (P),20,20,0
Summer2023,53083,ANTH 1200,01,3.000,Biological Anthropology,[],[],Kimberly   Raymond,Kimberly   Raymond (P),20,14,6
Summer2023,53048,AETH 2291,01,3.000,Business Ethics,[],[],James Abordo   Ong,James Abordo   Ong (P),20,9,11
Summer2023,53550,AETH 2291,02,3.000,Business Ethics,[],[],Eric   Peterson,Eric   Peterson (P),20,19,1
Summer2023,53050,AETH 2293,01,3.000,Ethics of War and Peace,[],[],Norma   Schmidt,Norma   Schmidt (P),20,8,12
Summer2023,53481,AHST 1172,01,3.000,History of Photography,[],[],Lauren Elise  Cesiro,Lauren Elise  Cesiro (P),20,14,6
Summer2023,53052,BIOL 1020,01,3.000,Bioinspiration: Innovation Inspired by Nature,[],[],Christine R.  Rodriguez,Christine R.  Rodriguez (P),20,19,1
Summer2023,53053,BIOL 1070,01,3.000,"Science, Technology, and Society",[],[],Debra S.  Sauer,Debra S.  Sauer (P),20,7,13
Summer2023,53054,BIOL 1071,01,3.000,Identity and the Human Genome,[],[],Olivia T.  Harriott,Olivia T.  Harriott (P),14,14,0
Summer2023,53055,BIOL 1076,01,3.000,Environmental Science,[],[],James E.  Biardi,James E.  Biardi (P),20,12,8
Summer2023,53470,BIOL 1076,02,3.000,Environmental Science,[],[],James E.  Biardi,James E.  Biardi (P),20,10,10
Summer2023,53242,BIOL 1078,01,3.000,Introduction to Marine Science,[],[],Shannon P.  Gerry,Shannon P.  Gerry (P),20,14,6
Summer2023,53471,BIOL 1078,02,3.000,Introduction to Marine Science,[],[],Gregory   Burzynski,Gregory   Burzynski (P),20,13,7
Summer2023,53235,BIOL 1107,01,4.000,Human Anatomy and Physiology I,"[{'days': 'MW', 'times': '0800am-1000am', 'dates': '05/22-06/21', 'location': 'ONLINE '}, {'days': 'TR', 'times': '0800am-1000am', 'dates': '05/23-06/22', 'location': 'BNW 340'}, {'days': 'F', 'times': '0800am-1000am', 'dates': '06/23-06/23', 'location': 'ONLINE '}]","['MW 0800am-1000am 05/22-06/21 ONLINE ', 'TR 0800am-1000am 05/23-06/22 BNW 340', 'TR 0800am-1000am 05/23-06/22 BNW 340', 'F 0800am-1000am 06/23-06/23 ONLINE ', 'F 0800am-1000am 06/23-06/23 ONLINE ']",Anthony J.  DeCristofaro,Anthony J.  DeCristofaro (P),16,9,7
Summer2023,53056,BIOL 1107L,01,0.000,Human Anatomy and Physiology I Lab,"[{'days': 'TR', 'times': '1005am-1255pm', 'dates': '05/23-06/22', 'location': 'BNW 239'}]",['TR 1005am-1255pm 05/23-06/22 BNW 239'],Anthony J.  DeCristofaro,Anthony J.  DeCristofaro (P),16,9,7
Summer2023,53265,BUSN 1101,01,3.000,Messaging and Persuasion: Effective Business Communication,[],[],LoriBeth   Greenan,LoriBeth   Greenan (P),20,18,2
Summer2023,53194,BUSN 2980,01,1.000,Internship,[],[],Sarah Jennie  Bollinger,Sarah Jennie  Bollinger (P),30,0,30
Summer2023,53195,BUSN 3980,01,3.000,Internship,[],[],Sarah Jennie  Bollinger,Sarah Jennie  Bollinger (P),30,0,30
Summer2023,53206,BUSN 6980,01,1.000,Business Immersion Practicum,[],[],Mousumi   Bose Godbole,"Mousumi   Bose Godbole (P), Julie Anne  Marella , Philip   Maymin , Titos   Ritsatos ",10,3,7
Summer2023,53208,BUSN 6980,02,3.000,Business Immersion Practicum,[],[],Mousumi   Bose Godbole,"Mousumi   Bose Godbole (P), Julie Anne  Marella , Philip   Maymin , Titos   Ritsatos ",10,0,10
Summer2023,53596,BUSN 7000,02,1.500,Becoming Scholarly Practitioners,"[{'days': 'S', 'times': '0900am-1200pm', 'dates': '07/10-08/18', 'location': 'ONLINE '}]",['S 0900am-1200pm 07/10-08/18 ONLINE '],Philip   Maymin,Philip   Maymin (P),15,7,8
Summer2023,53472,CHEM 1033,01,3.000,Chemistry of Nutrition,[],[],Ranya   Hamada,Ranya   Hamada (P),20,14,6
Summer2023,53473,CHEM 1087,01,3.000,Molecules of Life,"[{'days': 'MTWR', 'times': '0900am-1100am', 'dates': '07/10-08/10', 'location': 'ONLINE '}]",['MTWR 0900am-1100am 07/10-08/10 ONLINE '],Jon J.  Harper,Jon J.  Harper (P),20,5,15
Summer2023,53180,CHEM 1171,01,3.000,General Chemistry I,"[{'days': 'MF', 'times': '0900am-1100am', 'dates': '05/22-06/23', 'location': 'BNW 332'}, {'days': 'TWR', 'times': '0900am-1100am', 'dates': '05/23-06/22', 'location': 'BNW 332'}]","['MF 0900am-1100am 05/22-06/23 BNW 332', 'TWR 0900am-1100am 05/23-06/22 BNW 332', 'TWR 0900am-1100am 05/23-06/22 BNW 332']",Jon J.  Harper,Jon J.  Harper (P),16,9,7
Summer2023,53181,CHEM 1171L,01,1.000,General Chemistry I Lab,"[{'days': 'TWR', 'times': '1130am-0230pm', 'dates': '05/23-06/22', 'location': 'BNW 361'}]",['TWR 1130am-0230pm 05/23-06/22 BNW 361'],Jon J.  Harper,Jon J.  Harper (P),16,6,10
Summer2023,53182,CHEM 1172,01,3.000,General Chemistry II,"[{'days': 'MF', 'times': '0800am-1000am', 'dates': '07/10-08/07', 'location': 'ONLINE '}, {'days': 'TWR', 'times': '0800am-1000am', 'dates': '07/11-08/10', 'location': 'BNW 139'}, {'days': 'F', 'times': '0800am-1000am', 'dates': '08/11-08/11', 'location': 'BNW 139'}]","['MF 0800am-1000am 07/10-08/07 ONLINE ', 'TWR 0800am-1000am 07/11-08/10 BNW 139', 'TWR 0800am-1000am 07/11-08/10 BNW 139', 'F 0800am-1000am 08/11-08/11 BNW 139', 'F 0800am-1000am 08/11-08/11 BNW 139']",Thomas   Castonguay,Thomas   Castonguay (P),16,7,9
Summer2023,53183,CHEM 1172L,01,1.000,General Chemistry II Lab,"[{'days': 'TWR', 'times': '1030am-0130pm', 'dates': '07/13-08/10', 'location': 'BNW 361'}]",['TWR 1030am-0130pm 07/13-08/10 BNW 361'],Thomas   Castonguay,Thomas   Castonguay (P),16,7,9
Summer2023,53184,CHEM 2271,01,3.000,Organic Chemistry I,"[{'days': 'MF', 'times': '0800am-1000am', 'dates': '05/22-06/23', 'location': 'BNW 124'}, {'days': 'TWR', 'times': '0800am-1000am', 'dates': '05/23-06/22', 'location': 'BNW 124'}]","['MF 0800am-1000am 05/22-06/23 BNW 124', 'TWR 0800am-1000am 05/23-06/22 BNW 124', 'TWR 0800am-1000am 05/23-06/22 BNW 124']",Mehrnaz   Kamal,Mehrnaz   Kamal (P),16,7,9
Summer2023,53185,CHEM 2271L,01,1.000,Organic Chemistry I Lab,"[{'days': 'TWR', 'times': '1030am-0130pm', 'dates': '05/23-06/22', 'location': 'BNW 339'}]",['TWR 1030am-0130pm 05/23-06/22 BNW 339'],Mehrnaz   Kamal,Mehrnaz   Kamal (P),16,9,7
Summer2023,53186,CHEM 2272,01,3.000,Organic Chemistry II,"[{'days': 'MTWRF', 'times': '0800am-1000am', 'dates': '07/10-07/14', 'location': 'BNW 340'}, {'days': 'MF', 'times': '0800am-1000am', 'dates': '07/17-08/11', 'location': 'ONLINE '}, {'days': 'TWR', 'times': '0800am-1000am', 'dates': '07/18-08/10', 'location': 'CNS 103'}]","['MTWRF 0800am-1000am 07/10-07/14 BNW 340', 'MF 0800am-1000am 07/17-08/11 ONLINE ', 'MF 0800am-1000am 07/17-08/11 ONLINE ', 'TWR 0800am-1000am 07/18-08/10 CNS 103', 'TWR 0800am-1000am 07/18-08/10 CNS 103']",Mehrnaz   Kamal,Mehrnaz   Kamal (P),16,5,11
Summer2023,53187,CHEM 2272L,01,1.000,Organic Chemistry II Lab,"[{'days': 'TWR', 'times': '1030am-0130pm', 'dates': '07/18-08/10', 'location': 'BNW 339'}]",['TWR 1030am-0130pm 07/18-08/10 BNW 339'],Mehrnaz   Kamal,Mehrnaz   Kamal (P),16,7,9
Summer2023,53108,COMM 1100,01,3.000,Human Communication Theories,[],[],Qin   Zhang,Qin   Zhang (P),20,20,0
Summer2023,53474,COMM 1130,01,3.000,Mass Media and Society,[],[],Adam E.  Rugg,Adam E.  Rugg (P),20,20,0
Summer2023,53109,COMM 2200,01,3.000,Interpersonal Communication Theories,[],[],Michael P.  Pagano,Michael P.  Pagano (P),20,7,13
Summer2023,53110,COMM 2240,01,3.000,Intercultural Communication,[],[],Qin   Zhang,Qin   Zhang (P),20,19,1
Summer2023,53141,COMM 4980,01,1.000,Internship,[],[],Qin   Zhang,Qin   Zhang (P),10,0,10
Summer2023,53437,COMM 4980,02,3.000,Internship,[],[],Qin   Zhang,Qin   Zhang (P),10,5,5
Summer2023,53575,COMM 6972,01,3.000,Thesis Research,[],[],Adam E.  Rugg,Adam E.  Rugg (P),1,1,0
Summer2023,53220,COUN 5350,01,3.000,Introduction to Substance and Process Addictions,"[{'days': 'F', 'times': '0430pm-0830pm', 'dates': '06/02-06/23', 'location': 'ONLINE '}]",['F 0430pm-0830pm 06/02-06/23 ONLINE '],Dilani   Perera,Dilani   Perera (P),20,12,8
Summer2023,53561,COUN 5350,02,3.000,Introduction to Substance and Process Addictions,"[{'days': 'F', 'times': '0430pm-0830pm', 'dates': '06/02-06/23', 'location': 'ONLINE '}]",['F 0430pm-0830pm 06/02-06/23 ONLINE '],Rachel   Mattingly,Rachel   Mattingly (P),12,10,2
Summer2023,53102,COUN 5410,01,3.000,Grief and Loss Counseling,"[{'days': 'TR', 'times': '0430pm-0830pm', 'dates': '07/11-08/03', 'location': 'DSBN 111'}]",['TR 0430pm-0830pm 07/11-08/03 DSBN 111'],Robin Keating  Katzman,Robin Keating  Katzman (P),20,12,8
Summer2023,53552,COUN 5454,01,3.000,Introduction to Counseling Children and Adolescents,"[{'days': 'TR', 'times': '0430pm-0830pm', 'dates': '07/10-08/18', 'location': 'DSBN 215'}]",['TR 0430pm-0830pm 07/10-08/18 DSBN 215'],Terence   Houlihan,Terence   Houlihan (P),16,6,10
Summer2023,53584,COUN 5780,10,1.000,Introduction to Eating Disorders,"[{'days': 'F', 'times': '0500pm-0900pm', 'dates': '07/07-07/07', 'location': 'ONLINE '}, {'days': 'S', 'times': '0900am-0300pm', 'dates': '07/08-07/08', 'location': 'ONLINE '}]","['F 0500pm-0900pm 07/07-07/07 ONLINE ', 'S 0900am-0300pm 07/08-07/08 ONLINE ', 'S 0900am-0300pm 07/08-07/08 ONLINE ']",Jocelyn K.  Novella,Jocelyn K.  Novella (P),20,18,2
Summer2023,53585,COUN 5785,10,2.000,Interpersonal Theory of Suicide,"[{'days': 'FS', 'times': '0900am-0200pm', 'dates': '06/09-06/10', 'location': 'DSBN 112'}, {'days': 'FS', 'times': '0900am-0200pm', 'dates': '06/16-06/17', 'location': 'DSBN 112'}]","['FS 0900am-0200pm 06/09-06/10 DSBN 112', 'FS 0900am-0200pm 06/16-06/17 DSBN 112', 'FS 0900am-0200pm 06/16-06/17 DSBN 112']",James G.  Geisler,James G.  Geisler (P),20,14,6
Summer2023,53495,COUN 5900,01,1.000,Special Topics:  Intro to ACT,"[{'days': 'FS', 'times': '0900am-0200pm', 'dates': '06/23-06/24', 'location': 'NHS 403'}]",['FS 0900am-0200pm 06/23-06/24 NHS 403'],Christopher   Carlino,Christopher   Carlino (P),20,8,12
Summer2023,53496,COUN 6326,01,3.000,Psychopharmacology of Substance Use,"[{'days': 'R', 'times': '0500pm-0800pm', 'dates': '07/10-08/18', 'location': 'ONLINE '}]",['R 0500pm-0800pm 07/10-08/18 ONLINE '],Lawrence William  Fitzgerald,Lawrence William  Fitzgerald (P),20,8,12
Summer2023,53283,COUN 6467,01,3.000,Assessment in Counseling,"[{'days': 'MW', 'times': '0430pm-0830pm', 'dates': '05/30-06/23', 'location': 'DSBN 115'}]",['MW 0430pm-0830pm 05/30-06/23 DSBN 115'],Dilani   Perera,Dilani   Perera (P),15,13,2
Summer2023,53538,COUN 6467,02,3.000,Assessment in Counseling,"[{'days': 'MW', 'times': '0430pm-0830pm', 'dates': '05/30-06/23', 'location': 'DSBN 113'}]",['MW 0430pm-0830pm 05/30-06/23 DSBN 113'],John   Kiweewa,John   Kiweewa (P),12,11,1
Summer2023,53105,COUN 6515,01,3.000,Trauma and Crisis Intervention,"[{'days': 'MW', 'times': '0430pm-0830pm', 'dates': '07/10-08/04', 'location': 'DSBN L11'}]",['MW 0430pm-0830pm 07/10-08/04 DSBN L11'],Tomichan   Aprame,Tomichan   Aprame (P),20,20,0
Summer2023,53548,COUN 6553,01,3.000,Advanced Skills and Techniques in Counseling,"[{'days': 'TR', 'times': '0430pm-0830pm', 'dates': '05/30-06/23', 'location': 'DSBN 111'}]",['TR 0430pm-0830pm 05/30-06/23 DSBN 111'],Jocelyn K.  Novella,Jocelyn K.  Novella (P),12,10,2
Summer2023,53549,COUN 6553,02,3.000,Advanced Skills and Techniques in Counseling,"[{'days': 'TR', 'times': '0430pm-0830pm', 'dates': '05/30-06/23', 'location': 'DSBN 115'}]",['TR 0430pm-0830pm 05/30-06/23 DSBN 115'],John   Kiweewa,John   Kiweewa (P),10,9,1
Summer2023,53500,COUN 6981,01,3.000,Clinical Mental Health Counseling Internship I,"[{'days': 'M', 'times': '0430pm-0700pm', 'dates': '05/22-08/18', 'location': 'DSBN 212'}]",['M 0430pm-0700pm 05/22-08/18 DSBN 212'],James G.  Geisler,James G.  Geisler (P),10,9,1
Summer2023,53501,COUN 6982,01,3.000,Clinical Mental Health Counseling Internship II,"[{'days': 'M', 'times': '0430pm-0700pm', 'dates': '05/22-08/18', 'location': 'DSBN 206'}]",['M 0430pm-0700pm 05/22-08/18 DSBN 206'],Jeffrey   LaBella,Jeffrey   LaBella (P),11,10,1
Summer2023,53060,ECON 1011,01,3.000,Introduction to Microeconomics,[],[],William F.  Vasquez Mazariegos,William F.  Vasquez Mazariegos (P),20,12,8
Summer2023,53061,ECON 1012,01,3.000,Introduction to Macroeconomics,[],[],William F.  Vasquez Mazariegos,William F.  Vasquez Mazariegos (P),20,18,2
Summer2023,53263,ECON 2114,01,3.000,"Economics of Race, Class, and Gender in the American Workplace",[],[],Kathryn A.  Nantz,Kathryn A.  Nantz (P),20,20,0
Summer2023,53490,ECON 2140,01,3.000,Health Economics,[],[],Anna-Maria   Aksan,Anna-Maria   Aksan (P),20,8,12
Summer2023,53196,ECON 2980,01,1.000,Internship,[],[],Sarah Jennie  Bollinger,Sarah Jennie  Bollinger (P),30,1,29
Summer2023,53197,ECON 3980,01,3.000,Internship,[],[],Sarah Jennie  Bollinger,Sarah Jennie  Bollinger (P),30,0,30
Summer2023,53062,ECON 5410,01,1.500,Principles of Microeconomics,[],[],William F.  Vasquez Mazariegos,William F.  Vasquez Mazariegos (P),20,11,9
Summer2023,53063,ECON 5415,01,1.500,Statistics for Business,[],[],Thomas Joseph  Murray,Thomas Joseph  Murray (P),20,11,9
Summer2023,53557,ECON 6320,01,3.000,Macroeconomics for Business Leaders,"[{'days': 'W', 'times': '0750am-1050am', 'dates': '05/24-05/24', 'location': 'DSBN 110'}, {'days': 'S', 'times': '0750am-1050am', 'dates': '05/27-06/24', 'location': 'DSBN 110'}, {'days': 'R', 'times': '0750am-1050am', 'dates': '06/01-06/01', 'location': 'DSBN 110'}, {'days': 'W', 'times': '0750am-1050am', 'dates': '06/07-06/21', 'location': 'DSBN 110'}, {'days': 'T', 'times': '0750am-1050am', 'dates': '06/27-06/27', 'location': 'DSBN 110'}, {'days': 'F', 'times': '0750am-1050am', 'dates': '06/30-06/30', 'location': 'DSBN 110'}]","['W 0750am-1050am 05/24-05/24 DSBN 110', 'S 0750am-1050am 05/27-06/24 DSBN 110', 'S 0750am-1050am 05/27-06/24 DSBN 110', 'R 0750am-1050am 06/01-06/01 DSBN 110', 'R 0750am-1050am 06/01-06/01 DSBN 110', 'W 0750am-1050am 06/07-06/21 DSBN 110', 'W 0750am-1050am 06/07-06/21 DSBN 110', 'T 0750am-1050am 06/27-06/27 DSBN 110', 'T 0750am-1050am 06/27-06/27 DSBN 110', 'F 0750am-1050am 06/30-06/30 DSBN 110', 'F 0750am-1050am 06/30-06/30 DSBN 110']",Harold D.  Walpole,Harold D.  Walpole (P),22,23,-1
Summer2023,53558,ECON 6320,02,3.000,Macroeconomics for Business Leaders,"[{'days': 'W', 'times': '1100am-0200pm', 'dates': '05/24-05/24', 'location': 'DSBN 111'}, {'days': 'S', 'times': '1100am-0200pm', 'dates': '05/27-06/24', 'location': 'DSBN 111'}, {'days': 'R', 'times': '1100am-0200pm', 'dates': '06/01-06/01', 'location': 'DSBN 111'}, {'days': 'W', 'times': '1100am-0200pm', 'dates': '06/07-06/21', 'location': 'DSBN 111'}, {'days': 'T', 'times': '1100am-0200pm', 'dates': '06/27-06/27', 'location': 'DSBN 111'}, {'days': 'F', 'times': '1100am-0200pm', 'dates': '06/30-06/30', 'location': 'DSBN 111'}]","['W 1100am-0200pm 05/24-05/24 DSBN 111', 'S 1100am-0200pm 05/27-06/24 DSBN 111', 'S 1100am-0200pm 05/27-06/24 DSBN 111', 'R 1100am-0200pm 06/01-06/01 DSBN 111', 'R 1100am-0200pm 06/01-06/01 DSBN 111', 'W 1100am-0200pm 06/07-06/21 DSBN 111', 'W 1100am-0200pm 06/07-06/21 DSBN 111', 'T 1100am-0200pm 06/27-06/27 DSBN 111', 'T 1100am-0200pm 06/27-06/27 DSBN 111', 'F 1100am-0200pm 06/30-06/30 DSBN 111', 'F 1100am-0200pm 06/30-06/30 DSBN 111']",William F.  Vasquez Mazariegos,William F.  Vasquez Mazariegos (P),22,17,5
Summer2023,53344,ECON 6321,01,3.000,Cost Benefit Analysis,"[{'days': 'M', 'times': '0630pm-0930pm', 'dates': '05/22-06/30', 'location': 'ONLINE '}]",['M 0630pm-0930pm 05/22-06/30 ONLINE '],William F.  Vasquez Mazariegos,William F.  Vasquez Mazariegos (P),20,17,3
Summer2023,53064,ECON 6430,01,3.000,Economics of the Nonprofit Sector,"[{'days': 'MTWR', 'times': '0600pm-0800pm', 'dates': '05/22-06/22', 'location': 'ONLINE '}, {'days': 'F', 'times': '0600pm-0800pm', 'dates': '06/23-06/23', 'location': 'ONLINE '}]","['MTWR 0600pm-0800pm 05/22-06/22 ONLINE ', 'F 0600pm-0800pm 06/23-06/23 ONLINE ', 'F 0600pm-0800pm 06/23-06/23 ONLINE ']",Mark S.  Leclair,Mark S.  Leclair (P),10,3,7
Summer2023,53047,ECON 6602,01,3.000,Healthcare Economics,"[{'days': 'W', 'times': '0500pm-0730pm', 'dates': '05/24-05/24', 'location': 'ONLINE '}, {'days': 'W', 'times': '0500pm-0730pm', 'dates': '06/14-06/14', 'location': 'ONLINE '}, {'days': 'W', 'times': '0500pm-0730pm', 'dates': '06/21-06/21', 'location': 'ONLINE '}, {'days': 'W', 'times': '0500pm-0730pm', 'dates': '08/16-08/16', 'location': 'ONLINE '}]","['W 0500pm-0730pm 05/24-05/24 ONLINE ', 'W 0500pm-0730pm 06/14-06/14 ONLINE ', 'W 0500pm-0730pm 06/14-06/14 ONLINE ', 'W 0500pm-0730pm 06/21-06/21 ONLINE ', 'W 0500pm-0730pm 06/21-06/21 ONLINE ', 'W 0500pm-0730pm 08/16-08/16 ONLINE ', 'W 0500pm-0730pm 08/16-08/16 ONLINE ']",Anna-Maria   Aksan,Anna-Maria   Aksan (P),10,3,7
Summer2023,53457,ECON 6802,01,3.000,Applied Time Series Analysis and Economic Forecasting,"[{'days': 'MTWR', 'times': '0600pm-0800pm', 'dates': '07/10-08/10', 'location': 'ONLINE '}]",['MTWR 0600pm-0800pm 07/10-08/10 ONLINE '],Hedieh   Shadmani,Hedieh   Shadmani (P),10,7,3
Summer2023,53147,EDUC 5405,01,3.000,Contexts of Education in the Primary Grades,"[{'days': 'W', 'times': '0400pm-0600pm', 'dates': '05/22-06/30', 'location': 'ONLINE '}]",['W 0400pm-0600pm 05/22-06/30 ONLINE '],Mary P  Forde,Mary P  Forde (P),25,25,0
Summer2023,53148,EDUC 6512,01,3.000,Contemporary Schooling in Society,"[{'days': 'TR', 'times': '0430pm-0830pm', 'dates': '05/22-06/30', 'location': 'ONLINE '}]",['TR 0430pm-0830pm 05/22-06/30 ONLINE '],Pierre W.  Orelus,Pierre W.  Orelus (P),20,11,9
Summer2023,53527,EDUC 6561,01,3.000,Summer Institute in the Teaching of Writing,"[{'days': 'TWR', 'times': '0900am-0300pm', 'dates': '07/10-08/18', 'location': 'DSBN 113'}]",['TWR 0900am-0300pm 07/10-08/18 DSBN 113'],Bryan R.  Crandall,Bryan R.  Crandall (P),15,1,14
Summer2023,53315,EDUC 6572,02,3.000,Guided Research in Science,"[{'days': 'MW', 'times': '0430pm-0830pm', 'dates': '05/22-06/30', 'location': 'ONLINE '}]",['MW 0430pm-0830pm 05/22-06/30 ONLINE '],Bridget M.  Fine,Bridget M.  Fine (P),20,1,19
Summer2023,53443,EDUC 6598,01,0.000,edTPA Portfolio,[],[],Laura Michelle  Whitacre,Laura Michelle  Whitacre (P),60,0,60
Summer2023,53149,EDUC 6999,01,3.000,Capstone: Educating for Social Responsibility and Civic Engagement,"[{'days': 'MW', 'times': '0430pm-0830pm', 'dates': '05/22-06/30', 'location': 'ONLINE '}]",['MW 0430pm-0830pm 05/22-06/30 ONLINE '],Pierre W.  Orelus,Pierre W.  Orelus (P),17,17,0
Summer2023,53150,EDUC 6999,02,3.000,Capstone: Educating for Social Responsibility and Civic Engagement,"[{'days': 'MW', 'times': '0430pm-0830pm', 'dates': '05/22-06/30', 'location': 'ONLINE '}]",['MW 0430pm-0830pm 05/22-06/30 ONLINE '],Bryan R.  Crandall,Bryan R.  Crandall (P),17,18,-1
Summer2023,53522,EDDL 7060,01,3.000,Organizational Change for Social Justice in Education,[],[],William H.  Johnson,William H.  Johnson (P),20,2,18
Summer2023,53523,EDDL 7065,01,3.000,Contextualizing Legal and Policy Issues in Education,[],[],Tamu   Lucero,Tamu   Lucero (P),20,2,18
Summer2023,53311,EDDL 7070,01,3.000,Creating a Culture for Continuous Improvement,[],[],Pierre W.  Orelus,Pierre W.  Orelus (P),10,9,1
Summer2023,53312,EDDL 7080,01,3.000,Leveraging Instructional Design for Equitable Outcomes,[],[],Robert D  Hannafin,Robert D  Hannafin (P),10,9,1
Summer2023,53524,EDDL 7110,01,3.000,Contemporary Issues in Higher Education,[],[],William H.  Johnson,William H.  Johnson (P),20,6,14
Summer2023,53525,EDDL 7120,01,3.000,Legal and Policy Issues in Higher Education,[],[],Megan D.  Monahan,Megan D.  Monahan (P),20,5,15
Summer2023,53144,EDTC 5401,01,3.000,Introduction to Educational Technology,[],[],Joshua C.  Elliott,Joshua C.  Elliott (P),20,15,5
Summer2023,53313,EDTC 5409,01,3.000,The Literate Environment: P-12 Literature and Reading,[],[],Molly S.  Goldreich,Molly S.  Goldreich (P),20,7,13
Summer2023,53145,EDTC 5465,01,3.000,Emerging Technology: Investigations in Virtual Reality and Artificial Intelligence,[],[],Craig   Tunks,Craig   Tunks (P),20,15,5
Summer2023,53526,EDTC 6554,01,3.000,Understanding Media Literacy through Popular Culture and Mediated Environments,[],[],Kevin   Corcoran,"Kevin   Corcoran (P), Robert D  Hannafin ",20,11,9
Summer2023,53576,ECEG 6971,01,3.000,Thesis I,[],[],Djedjiga   Belfadel,Djedjiga   Belfadel (P),1,1,0
Summer2023,53594,ENGR 5980,02,0.000,Internship,[],[],Uma   Balaji,Uma   Balaji (P),1,1,0
Summer2023,53595,ENGR 5990,01,3.000,Independent Study,[],[],Naser   Haghbin,"Naser   Haghbin (P), Uma   Balaji ",1,0,1
Summer2023,53188,ENGL 1001,01,3.000,Introduction to Rhetoric and Composition,[],[],Christopher   DiBiase,Christopher   DiBiase (P),15,10,5
Summer2023,53189,ENGL 1001,02,3.000,Introduction to Rhetoric and Composition,[],[],Nadia   Zamin,Nadia   Zamin (P),15,13,2
Summer2023,53117,ENGL 1010,01,3.000,Introduction to Literary and Cultural Studies,[],[],Christopher Grant  Madden,Christopher Grant  Madden (P),20,9,11
Summer2023,53487,ENGL 1140,01,3.000,"Caribbean Literature: History, Culture, and Identity",[],[],Sabnam   Ghosh,Sabnam   Ghosh (P),20,9,11
Summer2023,53096,ENGL 1350,01,3.000,Graphic Novels as Thrillers and Chillers,[],[],Curtis P.  Ferree,Curtis P.  Ferree (P),20,16,4
Summer2023,53601,ENGL 4990,01,1.000,Independent Study,[],[],Elizabeth H.  Boquet,Elizabeth H.  Boquet (P),1,1,0
Summer2023,53450,ENGL 5441,01,6.000,Fiction,[],[],Carol Ann   Davis,Carol Ann   Davis (P),50,1,49
Summer2023,53444,ENGL 5445,02,0.000,MFA Residency Full Term,[],[],Carol Ann   Davis,Carol Ann   Davis (P),50,1,49
Summer2023,53445,ENGL 5446,02,0.000,MFA Residency Half Term,[],[],Carol Ann   Davis,Carol Ann   Davis (P),50,0,50
Summer2023,53451,ENGL 5991,01,3.000,Independent Study: Fiction,[],[],Carol Ann   Davis,Carol Ann   Davis (P),50,1,49
Summer2023,53065,FNCE 2101,01,3.000,Introduction to Finance,[],[],Walter F.  Hlawitschka,Walter F.  Hlawitschka (P),25,12,13
Summer2023,53198,FNCE 2980,01,1.000,Internship,[],[],Sarah Jennie  Bollinger,Sarah Jennie  Bollinger (P),30,2,28
Summer2023,53199,FNCE 3980,01,3.000,Internship,[],[],Sarah Jennie  Bollinger,Sarah Jennie  Bollinger (P),30,4,26
Summer2023,53223,FNCE 5400,01,3.000,Principles of Finance,[],[],Michael B  McDonald,Michael B  McDonald (P),28,16,12
Summer2023,53066,FNCE 6500,01,3.000,Stakeholder Value,[],[],Noradeen   Farlekas,Noradeen   Farlekas (P),26,23,3
Summer2023,53067,FNCE 6570,01,3.000,Fixed Income Securities,"[{'days': 'MR', 'times': '0600pm-0900pm', 'dates': '05/22-06/22', 'location': 'DSBN 216'}, {'days': 'T', 'times': '0600pm-0900pm', 'dates': '05/23-06/20', 'location': 'DSBN 216'}]","['MR 0600pm-0900pm 05/22-06/22 DSBN 216', 'T 0600pm-0900pm 05/23-06/20 DSBN 216', 'T 0600pm-0900pm 05/23-06/20 DSBN 216']",John D.  Van Ness,John D.  Van Ness (P),25,7,18
Summer2023,53068,FNCE 6580,01,3.000,Financial Risk Management,"[{'days': 'W', 'times': '0700pm-1000pm', 'dates': '05/24-06/07', 'location': 'ONLINE '}]","['W 0700pm-1000pm 05/24-06/07 ONLINE ', 'W 0700pm-1000pm 05/24-06/07 ONLINE ']",Nazli S.  Alan,Nazli S.  Alan (P),28,23,5
Summer2023,53606,FYEX 1001,01,0.000,Exploration,"[{'days': 'T', 'times': '0315pm-0430pm', 'dates': '07/17-08/18', 'location': 'DSBN 110'}]",['T 0315pm-0430pm 07/17-08/18 DSBN 110'],Pejay J.  Lucky,Pejay J.  Lucky (P),25,18,7
Summer2023,53607,FYEX 1001,02,0.000,Exploration,"[{'days': 'M', 'times': '0315pm-0430pm', 'dates': '07/17-08/18', 'location': 'DSBN 110'}]",['M 0315pm-0430pm 07/17-08/18 DSBN 110'],Pejay J.  Lucky,Pejay J.  Lucky (P),25,20,5
Summer2023,53107,HCAD 6100,01,3.000,Introduction to the United States Healthcare System,[],[],Lisa   Sundean,Lisa   Sundean (P),20,4,16
Summer2023,53307,HCAD 6951,01,3.000,Healthcare Administration Practicum,[],[],Lisa   Sundean,Lisa   Sundean (P),5,2,3
Summer2023,53308,HCAD 6999,01,4.000,Healthcare Administration Capstone,[],[],Lisa   Sundean,Lisa   Sundean (P),5,1,4
Summer2023,53488,HIST 1100,01,3.000,Origins of the Modern World Since 1500,[],[],Jonathon   Awtrey,Jonathon   Awtrey (P),20,15,5
Summer2023,53225,HIST 1188,01,3.000,"Colonial Latin America, 1492-1800","[{'days': 'M', 'times': '0330pm-0530pm', 'dates': '07/10-07/10', 'location': 'ONLINE '}, {'days': 'W', 'times': '0330pm-0530pm', 'dates': '07/12-08/02', 'location': 'ONLINE '}, {'days': 'R', 'times': '0330pm-0530pm', 'dates': '08/10-08/10', 'location': 'ONLINE '}]","['M 0330pm-0530pm 07/10-07/10 ONLINE ', 'W 0330pm-0530pm 07/12-08/02 ONLINE ', 'W 0330pm-0530pm 07/12-08/02 ONLINE ', 'R 0330pm-0530pm 08/10-08/10 ONLINE ', 'R 0330pm-0530pm 08/10-08/10 ONLINE ']",Jennifer A.  Adair,Jennifer A.  Adair (P),20,15,5
Summer2023,53227,HIST 2266,01,3.000,Gandhi and Non-Violent Revolution in the 20th Century,[],[],Sunil   Purushotham,Sunil   Purushotham (P),20,15,5
Summer2023,53476,HIST 2266,02,3.000,Gandhi and Non-Violent Revolution in the 20th Century,[],[],Sunil   Purushotham,Sunil   Purushotham (P),20,8,12
Summer2023,53218,HUAC 3980,01,3.000,Humanitarian Action Internship,[],[],Julie   Mughal,Julie   Mughal (P),5,0,5
Summer2023,53200,ISOM 2980,01,1.000,Internship,[],[],Sarah Jennie  Bollinger,Sarah Jennie  Bollinger (P),30,0,30
Summer2023,53201,ISOM 3980,01,3.000,Internship,[],[],Sarah Jennie  Bollinger,Sarah Jennie  Bollinger (P),30,0,30
Summer2023,53247,IDSN 5407,01,3.000,Color Design,"[{'days': 'T', 'times': '0930am-1230pm', 'dates': '05/30-08/01', 'location': 'ONLINE '}, {'days': 'R', 'times': '0930am-1230pm', 'dates': '06/01-06/08', 'location': 'ONLINE '}]","['T 0930am-1230pm 05/30-08/01 ONLINE ', 'R 0930am-1230pm 06/01-06/08 ONLINE ', 'R 0930am-1230pm 06/01-06/08 ONLINE ']",Robert A.  Hardy,Robert A.  Hardy (P),7,7,0
Summer2023,53536,IDSN 5407,02,3.000,Color Design,"[{'days': 'TR', 'times': '0930am-1230pm', 'dates': '05/22-08/18', 'location': 'ONLINE '}]",['TR 0930am-1230pm 05/22-08/18 ONLINE '],Richard S.  Killeaney,"Richard S.  Killeaney (P), Robert A.  Hardy ",10,7,3
Summer2023,53321,IDSN 5411,01,3.000,Textiles for Interiors,"[{'days': 'T', 'times': '0630pm-0930pm', 'dates': '05/30-08/01', 'location': 'ONLINE '}, {'days': 'R', 'times': '0630pm-0930pm', 'dates': '06/01-06/08', 'location': 'ONLINE '}]","['T 0630pm-0930pm 05/30-08/01 ONLINE ', 'R 0630pm-0930pm 06/01-06/08 ONLINE ', 'R 0630pm-0930pm 06/01-06/08 ONLINE ']",Richard S.  Killeaney,"Richard S.  Killeaney (P), Robert A.  Hardy ",10,9,1
Summer2023,53459,IDSN 5421,01,2.000,Sustainable Design,"[{'days': 'T', 'times': '0930am-1230pm', 'dates': '05/30-08/01', 'location': 'ONLINE '}]",['T 0930am-1230pm 05/30-08/01 ONLINE '],Hollis A.  Sutherland,Hollis A.  Sutherland (P),10,4,6
Summer2023,53248,IDSN 5422,01,3.000,Rendering,"[{'days': 'W', 'times': '1235pm-0335pm', 'dates': '05/31-06/07', 'location': 'ONLINE '}, {'days': 'F', 'times': '1235pm-0335pm', 'dates': '06/02-06/02', 'location': 'ONLINE '}, {'days': 'M', 'times': '1235pm-0335pm', 'dates': '06/05-07/31', 'location': 'ONLINE '}]","['W 1235pm-0335pm 05/31-06/07 ONLINE ', 'F 1235pm-0335pm 06/02-06/02 ONLINE ', 'F 1235pm-0335pm 06/02-06/02 ONLINE ', 'M 1235pm-0335pm 06/05-07/31 ONLINE ', 'M 1235pm-0335pm 06/05-07/31 ONLINE ']",Robert A.  Hardy,Robert A.  Hardy (P),10,3,7
Summer2023,53249,IDSN 6515,01,3.000,Lighting for Interiors,"[{'days': 'T', 'times': '0630pm-0930pm', 'dates': '05/30-08/01', 'location': 'ONLINE '}, {'days': 'R', 'times': '0630pm-0930pm', 'dates': '06/01-06/08', 'location': 'ONLINE '}]","['T 0630pm-0930pm 05/30-08/01 ONLINE ', 'R 0630pm-0930pm 06/01-06/08 ONLINE ', 'R 0630pm-0930pm 06/01-06/08 ONLINE ']",Robert A.  Hardy,Robert A.  Hardy (P),10,8,2
Summer2023,53250,IDSN 6516,01,3.000,Kitchen and Bath Design,"[{'days': 'T', 'times': '0630pm-0930pm', 'dates': '05/30-08/01', 'location': 'ONLINE '}, {'days': 'R', 'times': '0630pm-0930pm', 'dates': '06/01-06/08', 'location': 'ONLINE '}]","['T 0630pm-0930pm 05/30-08/01 ONLINE ', 'R 0630pm-0930pm 06/01-06/08 ONLINE ', 'R 0630pm-0930pm 06/01-06/08 ONLINE ']",Veronica P.  Whitlock,"Veronica P.  Whitlock (P), Robert A.  Hardy ",10,2,8
Summer2023,53251,IDSN 6519,01,3.000,Interior Design VI,"[{'days': 'W', 'times': '0630pm-0930pm', 'dates': '05/31-06/07', 'location': 'ONLINE '}, {'days': 'F', 'times': '0630pm-0930pm', 'dates': '06/02-06/02', 'location': 'ONLINE '}, {'days': 'M', 'times': '0630pm-0930pm', 'dates': '06/05-07/31', 'location': 'ONLINE '}]","['W 0630pm-0930pm 05/31-06/07 ONLINE ', 'F 0630pm-0930pm 06/02-06/02 ONLINE ', 'F 0630pm-0930pm 06/02-06/02 ONLINE ', 'M 0630pm-0930pm 06/05-07/31 ONLINE ', 'M 0630pm-0930pm 06/05-07/31 ONLINE ']",Hollis A.  Sutherland,Hollis A.  Sutherland (P),10,6,4
Summer2023,53252,IDSN 6520,01,3.000,Perspective Techniques,"[{'days': 'W', 'times': '0930am-1230pm', 'dates': '05/31-06/07', 'location': 'ONLINE '}, {'days': 'F', 'times': '0930am-1230pm', 'dates': '06/02-06/02', 'location': 'ONLINE '}, {'days': 'M', 'times': '0930am-1230pm', 'dates': '06/05-07/31', 'location': 'ONLINE '}]","['W 0930am-1230pm 05/31-06/07 ONLINE ', 'F 0930am-1230pm 06/02-06/02 ONLINE ', 'F 0930am-1230pm 06/02-06/02 ONLINE ', 'M 0930am-1230pm 06/05-07/31 ONLINE ', 'M 0930am-1230pm 06/05-07/31 ONLINE ']",Robert A.  Hardy,Robert A.  Hardy (P),10,4,6
Summer2023,53468,INTL 2101,01,3.000,Introduction to International Business,[],[],Helena K.  Keefe,Helena K.  Keefe (P),20,10,10
Summer2023,53469,INTL 2101,02,3.000,Introduction to International Business,[],[],Gru   Han,Gru   Han (P),20,19,1
Summer2023,53604,INTL 2101,03,3.000,Introduction to International Business,[],[],Helena K.  Keefe,Helena K.  Keefe (P),20,5,15
Summer2023,53214,LBPS 4999,01,3.000,Senior Project,[],[],Margaret A.  Wills,Margaret A.  Wills (P),1,0,1
Summer2023,53587,LBPS 4999,03,3.000,Senior Project,[],[],Rose P.  Rodrigues,Rose P.  Rodrigues (P),1,1,0
Summer2023,53460,MGMT 2101,01,3.000,Introduction to Management,[],[],Yifeng   Fan,Yifeng   Fan (P),20,8,12
Summer2023,53202,MGMT 2980,01,1.000,Internship,[],[],Sarah Jennie  Bollinger,Sarah Jennie  Bollinger (P),30,1,29
Summer2023,53203,MGMT 3980,01,3.000,Internship,[],[],Sarah Jennie  Bollinger,Sarah Jennie  Bollinger (P),30,5,25
Summer2023,53462,MGMT 4300,01,3.000,Business Strategies in the Global Environment,[],[],Jeffrey D.  Moretz,Jeffrey D.  Moretz (P),20,10,10
Summer2023,53463,MGMT 4300,02,3.000,Business Strategies in the Global Environment,[],[],Stanislav   Vavilov,Stanislav   Vavilov (P),20,8,12
Summer2023,53464,MGMT 4360,01,3.000,Negotiations and Dispute Resolution,[],[],Regina   Kim,Regina   Kim (P),20,7,13
Summer2023,53271,MGMT 5400,01,3.000,Organizational Behavior,[],[],Lisa   Stafford,Lisa   Stafford (P),25,11,14
Summer2023,53274,MGMT 5410,01,1.500,Understanding Organizations,[],[],Lisa   Stafford,Lisa   Stafford (P),25,12,13
Summer2023,53287,MGMT 6502,01,1.500,Law and Ethics for Critical Reasoning in Business,[],[],Eric   Peterson,Eric   Peterson (P),20,12,8
Summer2023,53465,MGMT 6505,01,3.000,Human Resource Strategies: An Analytics Approach,[],[],Mousumi   Bhattacharya,Mousumi   Bhattacharya (P),20,9,11
Summer2023,53275,MGMT 6515,01,0.000,Professional Development,[],[],Sarah Jennie  Bollinger,Sarah Jennie  Bollinger (P),25,12,13
Summer2023,53466,MGMT 6525,01,3.000,Employee Performance Management and Rewards for Competitive Advantage,[],[],Mousumi   Bhattacharya,Mousumi   Bhattacharya (P),20,17,3
Summer2023,53277,MGMT 6540,01,3.000,Cross Cultural Management and Sustainable Leadership,"[{'days': 'MR', 'times': '0600pm-0900pm', 'dates': '07/10-08/18', 'location': 'ONLINE '}, {'days': 'S', 'times': '0830am-0430pm', 'dates': '07/10-08/18', 'location': 'ONLINE '}]","['MR 0600pm-0900pm 07/10-08/18 ONLINE ', 'S 0830am-0430pm 07/10-08/18 ONLINE ', 'S 0830am-0430pm 07/10-08/18 ONLINE ']",Carl A.  Scheraga,Carl A.  Scheraga (P),10,9,1
Summer2023,53491,MGMT 6584,02,3.000,Global Competitive Strategy,"[{'days': 'MR', 'times': '0600pm-0900pm', 'dates': '05/22-06/22', 'location': 'ONLINE '}, {'days': 'S', 'times': '0830am-0430pm', 'dates': '06/03-06/03', 'location': 'ONLINE '}, {'days': 'S', 'times': '0830am-0430pm', 'dates': '06/17-06/17', 'location': 'ONLINE '}]","['MR 0600pm-0900pm 05/22-06/22 ONLINE ', 'S 0830am-0430pm 06/03-06/03 ONLINE ', 'S 0830am-0430pm 06/03-06/03 ONLINE ', 'S 0830am-0430pm 06/17-06/17 ONLINE ', 'S 0830am-0430pm 06/17-06/17 ONLINE ']",Carl A.  Scheraga,Carl A.  Scheraga (P),14,14,0
Summer2023,53071,MKTG 1101,01,3.000,Principles of Marketing,[],[],Camelia   Micu,Camelia   Micu (P),20,20,0
Summer2023,53072,MKTG 2212,01,3.000,Consumer Behavior,[],[],Gerald O.  Cavallo,Gerald O.  Cavallo (P),20,16,4
Summer2023,53073,MKTG 2241,01,3.000,Digital Marketing,[],[],Camelia   Micu,Camelia   Micu (P),21,21,0
Summer2023,53204,MKTG 2980,01,1.000,Internship,[],[],Sarah Jennie  Bollinger,Sarah Jennie  Bollinger (P),30,3,27
Summer2023,53205,MKTG 3980,01,3.000,Internship,[],[],Sarah Jennie  Bollinger,Sarah Jennie  Bollinger (P),30,2,28
Summer2023,53074,MKTG 5400,01,3.000,Marketing Management,[],[],Camelia   Micu,Camelia   Micu (P),20,13,7
Summer2023,53075,MKTG 5410,01,1.500,Marketing in the Digital World,[],[],Gerald O.  Cavallo,Gerald O.  Cavallo (P),20,10,10
Summer2023,53532,MKTG 6500,01,3.000,Customer Value,[],[],Camelia   Micu,Camelia   Micu (P),20,18,2
Summer2023,53221,MKTG 6520,01,3.000,Research for Marketing Insights and Decisions,[],[],Iman   Naderi,Iman   Naderi (P),20,19,1
Summer2023,53555,MKTG 6520,02,3.000,Research for Marketing Insights and Decisions,[],[],Iman   Naderi,Iman   Naderi (P),20,14,6
Summer2023,53241,MKTG 6540,01,3.000,Advertising Management,[],[],William   Natlo,William   Natlo (P),22,21,1
Summer2023,53562,MKTG 6560,01,3.000,Category Management and Shopper Insights,[],[],Andrew M.  Blum,Andrew M.  Blum (P),20,8,12
Summer2023,53076,MKTG 6580,01,3.000,Multivariate Analysis for Consumer Insights,[],[],Rajasree   Krishnankutty NairRajamma,"Rajasree   Krishnankutty NairRajamma (P), Mark S.  Ligas , Camelia   Micu , Iman   Naderi , Michael R.  Sciandra ",20,21,-1
Summer2023,53533,MKTG 6580,02,3.000,Multivariate Analysis for Consumer Insights,[],[],Rajasree   Krishnankutty NairRajamma,"Rajasree   Krishnankutty NairRajamma (P), Mark S.  Ligas , Camelia   Micu , Iman   Naderi , Michael R.  Sciandra ",20,16,4
Summer2023,53077,MKTG 6999A,01,3.000,Capstone Project: Marketing Analytics and Strategy,"[{'days': 'W', 'times': '1100am-0100pm', 'dates': '05/22-06/30', 'location': 'DSBN 113'}]",['W 1100am-0100pm 05/22-06/30 DSBN 113'],Julie Anne  Marella,Julie Anne  Marella (P),7,5,2
Summer2023,53124,MFTH 5433,01,3.000,Social Justice and Diversity in Professional Practice,[],[],LaTasha   Smith,LaTasha   Smith (P),20,5,15
Summer2023,53125,MFTH 5447,01,3.000,Human Development Across the Family Lifecycle,"[{'days': 'T', 'times': '1000am-0300pm', 'dates': '07/10-08/18', 'location': 'DSBN 204'}]",['T 1000am-0300pm 07/10-08/18 DSBN 204'],Karen E  Giunta,Karen E  Giunta (P),20,17,3
Summer2023,53539,MFTH 5465,01,3.000,Introduction to Substance Abuse and Addictions,"[{'days': 'W', 'times': '0100pm-0700pm', 'dates': '05/22-06/30', 'location': 'DSBN 112'}]",['W 0100pm-0700pm 05/22-06/30 DSBN 112'],Jay C.  Taylor,Jay C.  Taylor (P),20,6,14
Summer2023,53126,MFTH 5470,01,3.000,Sexual and Gender Minority Mental Health,"[{'days': 'T', 'times': '0300pm-0500pm', 'dates': '05/22-06/30', 'location': 'ONLINE '}]",['T 0300pm-0500pm 05/22-06/30 ONLINE '],Erica E.  Hartwell,Erica E.  Hartwell (P),22,22,0
Summer2023,53129,MFTH 5550,01,3.000,Introduction to Marriage and Family Therapy,"[{'days': 'MTWRF', 'times': '1000am-0500pm', 'dates': '05/22-05/26', 'location': 'NHS 403'}]",['MTWRF 1000am-0500pm 05/22-05/26 NHS 403'],Maryann Hayes  LaBella,Maryann Hayes  LaBella (P),20,9,11
Summer2023,53130,MFTH 6425,01,3.000,Private Practice and Small Business Management,"[{'days': 'MTWRF', 'times': '0900am-1200pm', 'dates': '06/05-06/09', 'location': 'NHS 405'}]",['MTWRF 0900am-1200pm 06/05-06/09 NHS 405'],Rachel   Sacharoff,Rachel   Sacharoff (P),20,13,7
Summer2023,53505,MFTH 6553,01,3.000,Family Therapy Pre-Practicum,"[{'days': 'MTWRF', 'times': '1000am-0500pm', 'dates': '05/30-06/05', 'location': 'SWH 102'}]",['MTWRF 1000am-0500pm 05/30-06/05 SWH 102'],Nicole B.  O'Brien,Nicole B.  O'Brien (P),6,4,2
Summer2023,53140,MFTH 6952,01,3.000,Practicum in Family Therapy II,"[{'days': 'M', 'times': '0200pm-0700pm', 'dates': '06/05-07/31', 'location': 'SWH 102'}]",['M 0200pm-0700pm 06/05-07/31 SWH 102'],Hannah Rose  Evans,Hannah Rose  Evans (P),5,5,0
Summer2023,53139,MFTH 6952,02,3.000,Practicum in Family Therapy II,"[{'days': 'R', 'times': '0200pm-0700pm', 'dates': '06/01-07/31', 'location': 'SWH 102'}]",['R 0200pm-0700pm 06/01-07/31 SWH 102'],Gisselle Maria  Acevedo,Gisselle Maria  Acevedo (P),5,5,0
Summer2023,53133,MFTH 6981,01,3.000,Internship in Family Therapy I,"[{'days': 'M', 'times': '1200pm-0130pm', 'dates': '06/05-07/31', 'location': 'SWH 102'}]",['M 1200pm-0130pm 06/05-07/31 SWH 102'],Carissa   D'Aniello Heyda,Carissa   D'Aniello Heyda (P),3,2,1
Summer2023,53138,MFTH 6982,01,3.000,Internship in Family Therapy II,"[{'days': 'M', 'times': '1200pm-0130pm', 'dates': '06/05-07/31', 'location': 'SWH 102'}]",['M 1200pm-0130pm 06/05-07/31 SWH 102'],Carissa   D'Aniello Heyda,Carissa   D'Aniello Heyda (P),5,5,0
Summer2023,53356,MFTH 6983,01,1.000,Continuing Internship in Family Therapy,[],[],Maryann Hayes  LaBella,Maryann Hayes  LaBella (P),6,0,6
Summer2023,53563,MFTH 6990,01,1.000-6.000,Independent Study,[],[],Erica E.  Hartwell,Erica E.  Hartwell (P),1,1,0
Summer2023,53547,MATH 1011,01,3.000,Precalculus,[],[],Lisa M.  Lebda Russo,Lisa M.  Lebda Russo (P),20,4,16
Summer2023,53097,MATH 1121,01,3.000,Applied Calculus I,[],[],Anna B.  DiCenso,Anna B.  DiCenso (P),20,18,2
Summer2023,53535,MATH 2217,01,3.000,Statistics I,"[{'days': 'MTWR', 'times': '0800am-1000am', 'dates': '05/22-06/22', 'location': 'ONLINE '}, {'days': 'F', 'times': '0800am-1000am', 'dates': '06/23-06/23', 'location': 'ONLINE '}]","['MTWR 0800am-1000am 05/22-06/22 ONLINE ', 'F 0800am-1000am 06/23-06/23 ONLINE ', 'F 0800am-1000am 06/23-06/23 ONLINE ']",Michael D.  Herley,Michael D.  Herley (P),20,14,6
Summer2023,53098,MATH 6565,01,3.000,Use of Technology in the Classroom,"[{'days': 'MTWR', 'times': '0600pm-0800pm', 'dates': '05/22-06/22', 'location': 'ONLINE '}, {'days': 'F', 'times': '0600pm-0800pm', 'dates': '06/23-06/23', 'location': 'ONLINE '}]","['MTWR 0600pm-0800pm 05/22-06/22 ONLINE ', 'F 0600pm-0800pm 06/23-06/23 ONLINE ', 'F 0600pm-0800pm 06/23-06/23 ONLINE ']",Kimberly Melissa  Barba,Kimberly Melissa  Barba (P),15,5,10
Summer2023,53267,MEEG 4324,01,3.000,Micro and Nano Manufacturing,[],[],Sriharsha   Srinivas Sundarram,Sriharsha   Srinivas Sundarram (P),10,2,8
Summer2023,53268,MEEG 4362,01,3.000,Gas Turbine Aerodynamics,[],[],Shahrokh   Etemad,Shahrokh   Etemad (P),10,2,8
Summer2023,53269,MEEG 5324,01,3.000,Micro and Nano Manufacturing,[],[],Sriharsha   Srinivas Sundarram,Sriharsha   Srinivas Sundarram (P),10,1,9
Summer2023,53004,MEEG 5362,01,3.000,Gas Turbine Aerodynamics,[],[],Shahrokh   Etemad,Shahrokh   Etemad (P),15,4,11
Summer2023,53210,MUSC 1102,01,3.000,History and Development of Rock,[],[],Brian Q.  Torff,Brian Q.  Torff (P),17,16,1
Summer2023,53086,MUSC 1104,01,3.000,History of Music: 1700-1964,[],[],Alan C.  Murchie,Alan C.  Murchie (P),20,7,13
Summer2023,53191,MUSC 1132,01,3.000,Critical Issues in American Popular Music: Blues to Hip Hop,[],[],Brian Q.  Torff,Brian Q.  Torff (P),15,12,3
Summer2023,53335,MUSC 1132,02,3.000,Critical Issues in American Popular Music: Blues to Hip Hop,[],[],Brian Q.  Torff,Brian Q.  Torff (P),14,12,2
Summer2023,53013,NURS 1110,01,3.000,Introduction to Professional Nursing,"[{'days': 'MTWRFS', 'times': '0830am-0430pm', 'dates': '05/22-05/30', 'location': 'NHS 224'}, {'days': 'W', 'times': '0830am-1200pm', 'dates': '05/31-05/31', 'location': 'NHS 224'}]","['MTWRFS 0830am-0430pm 05/22-05/30 NHS 224', 'W 0830am-1200pm 05/31-05/31 NHS 224', 'W 0830am-1200pm 05/31-05/31 NHS 224']",Erica   Wuchiski,Erica   Wuchiski (P),78,52,26
Summer2023,53510,NURS 1110,02,3.000,Introduction to Professional Nursing,"[{'days': 'TR', 'times': '0800am-1130am', 'dates': '05/23-06/22', 'location': 'BY ARR '}]",['TR 0800am-1130am 05/23-06/22 BY ARR '],Robin   Cook,Robin   Cook (P),30,3,27
Summer2023,53014,NURS 1112,01,3.000,Healthcare Delivery Systems,"[{'days': 'W', 'times': '1230pm-0430pm', 'dates': '05/31-05/31', 'location': 'NHS 224'}, {'days': 'MTWRF', 'times': '0830am-0430pm', 'dates': '06/01-06/07', 'location': 'NHS 224'}]","['W 1230pm-0430pm 05/31-05/31 NHS 224', 'MTWRF 0830am-0430pm 06/01-06/07 NHS 224', 'MTWRF 0830am-0430pm 06/01-06/07 NHS 224']",Sally O.  Gerard,Sally O.  Gerard (P),39,39,0
Summer2023,53511,NURS 1112,02,3.000,Healthcare Delivery Systems,"[{'days': 'W', 'times': '1230pm-0430pm', 'dates': '05/31-05/31', 'location': 'NHS 224'}, {'days': 'MTWRF', 'times': '0830am-0430pm', 'dates': '06/01-06/07', 'location': 'NHS 224'}]","['W 1230pm-0430pm 05/31-05/31 NHS 224', 'MTWRF 0830am-0430pm 06/01-06/07 NHS 224', 'MTWRF 0830am-0430pm 06/01-06/07 NHS 224']",Belen   Camacho,Belen   Camacho (P),39,13,26
Summer2023,53512,NURS 1112,03,3.000,Healthcare Delivery Systems,"[{'days': 'TR', 'times': '1230pm-0400pm', 'dates': '05/23-06/22', 'location': 'BY ARR '}]",['TR 1230pm-0400pm 05/23-06/22 BY ARR '],Robin   Cook,Robin   Cook (P),30,3,27
Summer2023,53015,NURS 2270,01,4.000,Health Assessment,"[{'days': 'MTWRF', 'times': '0800am-0430pm', 'dates': '06/08-06/21', 'location': 'NHS 224'}]",['MTWRF 0800am-0430pm 06/08-06/21 NHS 224'],Mary M  Murphy,Mary M  Murphy (P),78,60,18
Summer2023,53513,NURS 2270,02,4.000,Health Assessment,"[{'days': 'TR', 'times': '0800am-1100am', 'dates': '06/23-07/14', 'location': 'BY ARR '}]",['TR 0800am-1100am 06/23-07/14 BY ARR '],Lucina   Kimpel,Lucina   Kimpel (P),30,3,27
Summer2023,53016,NURS 2270L,01,0.000,Health Assessment Lab,[],[],Mary M  Murphy,Mary M  Murphy (P),13,10,3
Summer2023,53017,NURS 2270L,02,0.000,Health Assessment Lab,[],[],Laura A.  Conklin,"Laura A.  Conklin (P), Mary M  Murphy ",13,10,3
Summer2023,53018,NURS 2270L,03,0.000,Health Assessment Lab,[],[],Janice   Sikorski,"Janice   Sikorski (P), Mary M  Murphy ",13,10,3
Summer2023,53019,NURS 2270L,04,0.000,Health Assessment Lab,[],[],Danielle E.  Hall,"Danielle E.  Hall (P), Mary M  Murphy ",13,10,3
Summer2023,53020,NURS 2270L,05,0.000,Health Assessment Lab,[],[],Sheila S.  Iacono,"Sheila S.  Iacono (P), Mary M  Murphy ",13,10,3
Summer2023,53291,NURS 2270L,06,0.000,Health Assessment Lab,[],[],Elanne   Bueno,"Elanne   Bueno (P), Mary M  Murphy ",13,10,3
Summer2023,53544,NURS 2270L,X,0.000,Health Assessment Lab,[],[],Mary M  Murphy,Mary M  Murphy (P),78,0,78
Summer2023,53545,NURS 2270L,X2,0.000,Health Assessment Lab,[],[],Lucina   Kimpel,Lucina   Kimpel (P),30,3,27
Summer2023,53021,NURS 2272,01,4.000,Geriatric Nursing,[],[],Kristin   Meyer,Kristin   Meyer (P),15,6,9
Summer2023,53292,NURS 2272,02,4.000,Geriatric Nursing,"[{'days': 'MTWRF', 'times': '0830am-0430pm', 'dates': '06/22-07/14', 'location': 'NHS 224'}]",['MTWRF 0830am-0430pm 06/22-07/14 NHS 224'],Pamela   Barnwell-Sanders,Pamela   Barnwell-Sanders (P),78,58,20
Summer2023,53514,NURS 2272,03,4.000,Geriatric Nursing,"[{'days': 'F', 'times': '0800am-0300pm', 'dates': '06/23-06/23', 'location': 'ONLINE '}]",['F 0800am-0300pm 06/23-06/23 ONLINE '],Meredith Wallace  Kazer,"Meredith Wallace  Kazer (P), Michelle   Saglimbene ",30,3,27
Summer2023,53366,NURS 2272C,01,0.000,Geriatric Nursing Clinical,[],[],Janice   Sikorski,"Janice   Sikorski (P), Pamela   Barnwell-Sanders ",8,6,2
Summer2023,53367,NURS 2272C,02,0.000,Geriatric Nursing Clinical,[],[],Janice   Sikorski,"Janice   Sikorski (P), Pamela   Barnwell-Sanders ",8,6,2
Summer2023,53368,NURS 2272C,03,0.000,Geriatric Nursing Clinical,[],[],Mary M  Murphy,"Mary M  Murphy (P), Pamela   Barnwell-Sanders ",8,5,3
Summer2023,53369,NURS 2272C,04,0.000,Geriatric Nursing Clinical,[],[],Megan   Collins,"Megan   Collins (P), Pamela   Barnwell-Sanders ",8,4,4
Summer2023,53370,NURS 2272C,05,0.000,Geriatric Nursing Clinical,[],[],Patricia A.  Lamb,"Patricia A.  Lamb (P), Pamela   Barnwell-Sanders ",8,6,2
Summer2023,53371,NURS 2272C,06,0.000,Geriatric Nursing Clinical,[],[],Suzanne T.  Turner,"Suzanne T.  Turner (P), Pamela   Barnwell-Sanders ",8,6,2
Summer2023,53372,NURS 2272C,07,0.000,Geriatric Nursing Clinical,[],[],Mary Anne   Caserta,"Mary Anne   Caserta (P), Pamela   Barnwell-Sanders ",8,6,2
Summer2023,53373,NURS 2272C,08,0.000,Geriatric Nursing Clinical,[],[],Rosa   Diaz-Herring,"Rosa   Diaz-Herring (P), Pamela   Barnwell-Sanders ",8,6,2
Summer2023,53374,NURS 2272C,09,0.000,Geriatric Nursing Clinical,[],[],Kelli-Ann   Mancini,"Kelli-Ann   Mancini (P), Pamela   Barnwell-Sanders ",8,5,3
Summer2023,53375,NURS 2272C,10,0.000,Geriatric Nursing Clinical,[],[],Arelis   Maldonado-Rivera,"Arelis   Maldonado-Rivera (P), Pamela   Barnwell-Sanders ",8,4,4
Summer2023,53376,NURS 2272C,11,0.000,Geriatric Nursing Clinical,[],[],Daphney Judith  Anicette,"Daphney Judith  Anicette (P), Pamela   Barnwell-Sanders ",8,4,4
Summer2023,53022,NURS 2272C,X,0.000,Geriatric Nursing Clinical,[],[],Kristin   Meyer,Kristin   Meyer (P),15,6,9
Summer2023,53337,NURS 2272C,X2,0.000,Geriatric Nursing Clinical,[],[],Pamela   Barnwell-Sanders,Pamela   Barnwell-Sanders (P),78,0,78
Summer2023,53515,NURS 2272C,X3,0.000,Geriatric Nursing Clinical,[],[],Lucina   Kimpel,Lucina   Kimpel (P),10,3,7
Summer2023,53023,NURS 3307,01,4.000,Fundamentals of Nursing Care,"[{'days': 'MTWRF', 'times': '0830am-0430pm', 'dates': '07/21-08/11', 'location': 'NHS 204'}]",['MTWRF 0830am-0430pm 07/21-08/11 NHS 204'],Gina   Petersen,"Gina   Petersen (P), Laura A.  Conklin ",47,42,5
Summer2023,53516,NURS 3307,02,4.000,Fundamentals of Nursing Care,"[{'days': 'MTWRF', 'times': '0830am-0430pm', 'dates': '07/21-08/11', 'location': 'NHS 104'}]",['MTWRF 0830am-0430pm 07/21-08/11 NHS 104'],Laura A.  Conklin,"Laura A.  Conklin (P), Gina   Petersen ",46,16,30
Summer2023,53517,NURS 3307,03,4.000,Fundamentals of Nursing Care,"[{'days': 'MTWRF', 'times': '0800am-0400pm', 'dates': '07/17-08/11', 'location': 'BY ARR '}]",['MTWRF 0800am-0400pm 07/17-08/11 BY ARR '],Megan   Nava,Megan   Nava (P),30,3,27
Summer2023,53546,NURS 3307L,01,0.000,Fundamentals of Nursing Care Lab,[],[],Mary M  Murphy,"Mary M  Murphy (P), Laura A.  Conklin , Gina   Petersen ",9,8,1
Summer2023,53293,NURS 3307L,02,0.000,Fundamentals of Nursing Care Lab,[],[],Janice   Sikorski,"Janice   Sikorski (P), Laura A.  Conklin , Gina   Petersen ",9,7,2
Summer2023,53294,NURS 3307L,03,0.000,Fundamentals of Nursing Care Lab,[],[],Gina   Petersen,"Gina   Petersen (P), Laura A.  Conklin ",8,0,8
Summer2023,53295,NURS 3307L,04,0.000,Fundamentals of Nursing Care Lab,[],[],Elanne   Bueno,"Elanne   Bueno (P), Laura A.  Conklin , Gina   Petersen ",9,10,-1
Summer2023,53296,NURS 3307L,05,0.000,Fundamentals of Nursing Care Lab,[],[],Laura A.  Conklin,"Laura A.  Conklin (P), Gina   Petersen ",9,8,1
Summer2023,53377,NURS 3307L,06,0.000,Fundamentals of Nursing Care Lab,[],[],Seyissa Kimberly  Maule,"Seyissa Kimberly  Maule (P), Laura A.  Conklin , Gina   Petersen ",9,8,1
Summer2023,53378,NURS 3307L,07,0.000,Fundamentals of Nursing Care Lab,[],[],Elizabeth   Denby-Callahan,"Elizabeth   Denby-Callahan (P), Laura A.  Conklin , Gina   Petersen ",9,9,0
Summer2023,53379,NURS 3307L,08,0.000,Fundamentals of Nursing Care Lab,[],[],Susan B  Reynolds,"Susan B  Reynolds (P), Laura A.  Conklin , Gina   Petersen ",9,8,1
Summer2023,53024,NURS 3307L,X,0.000,Fundamentals of Nursing Care Lab,[],[],Gina   Petersen,"Gina   Petersen (P), Laura A.  Conklin , Susan B  Reynolds ",93,0,93
Summer2023,53541,NURS 3307L,X2,0.000,Fundamentals of Nursing Care Lab,[],[],Megan   Nava,Megan   Nava (P),30,3,27
Summer2023,53297,NURS 3312,01,5.000,Medical Surgical Nursing I,"[{'days': 'MR', 'times': '0800am-0100pm', 'dates': '05/22-06/22', 'location': 'NHS 410'}]",['MR 0800am-0100pm 05/22-06/22 NHS 410'],Rose   Iannino-Renz,Rose   Iannino-Renz (P),20,18,2
Summer2023,53298,NURS 3312C,01,0.000,Medical Surgical Nursing I Clinical,[],[],Rose   Iannino-Renz,Rose   Iannino-Renz (P),6,6,0
Summer2023,53299,NURS 3312C,02,0.000,Medical Surgical Nursing I Clinical,[],[],Jessica   Marraffa,"Jessica   Marraffa (P), Rose   Iannino-Renz ",6,6,0
Summer2023,53590,NURS 3312C,03,0.000,Medical Surgical Nursing I Clinical,[],[],Susan   Franklin,"Susan   Franklin (P), Rose   Iannino-Renz ",6,6,0
Summer2023,53025,NURS 3314,01,4.000,Maternal and Newborn Nursing,"[{'days': 'TR', 'times': '0830am-1230pm', 'dates': '06/03-07/11', 'location': 'NHS 103'}]",['TR 0830am-1230pm 06/03-07/11 NHS 103'],Katherine   Dalton,Katherine   Dalton (P),53,51,2
Summer2023,53542,NURS 3314C,01,0.000,Maternal and Newborn Nursing Clinical,[],[],Karen   Beebe,"Karen   Beebe (P), Katherine   Dalton ",6,4,2
Summer2023,53382,NURS 3314C,02,0.000,Maternal and Newborn Nursing Clinical,[],[],Catherine   Levens,"Catherine   Levens (P), Katherine   Dalton ",6,4,2
Summer2023,53383,NURS 3314C,03,0.000,Maternal and Newborn Nursing Clinical,[],[],Katherine   Dalton,Katherine   Dalton (P),6,5,1
Summer2023,53384,NURS 3314C,04,0.000,Maternal and Newborn Nursing Clinical,[],[],Regina   Rizzo,"Regina   Rizzo (P), Katherine   Dalton ",6,5,1
Summer2023,53385,NURS 3314C,05,0.000,Maternal and Newborn Nursing Clinical,[],[],Regina   Rizzo,"Regina   Rizzo (P), Katherine   Dalton ",6,3,3
Summer2023,53386,NURS 3314C,06,0.000,Maternal and Newborn Nursing Clinical,[],[],Cynthia Lori  Bishop-Gran,"Cynthia Lori  Bishop-Gran (P), Katherine   Dalton ",6,6,0
Summer2023,53387,NURS 3314C,07,0.000,Maternal and Newborn Nursing Clinical,[],[],Sharelle   Sorensen,"Sharelle   Sorensen (P), Katherine   Dalton ",6,5,1
Summer2023,53388,NURS 3314C,08,0.000,Maternal and Newborn Nursing Clinical,[],[],Sarah   Lennon,"Sarah   Lennon (P), Katherine   Dalton ",6,5,1
Summer2023,53389,NURS 3314C,09,0.000,Maternal and Newborn Nursing Clinical,[],[],Vanessa   Lundin,"Vanessa   Lundin (P), Katherine   Dalton ",6,4,2
Summer2023,53390,NURS 3314C,10,0.000,Maternal and Newborn Nursing Clinical,[],[],Kaleigh Clark  White,"Kaleigh Clark  White (P), Katherine   Dalton ",6,4,2
Summer2023,53391,NURS 3314C,11,0.000,Maternal and Newborn Nursing Clinical,[],[],Lynette   Willie,"Lynette   Willie (P), Katherine   Dalton ",6,0,6
Summer2023,53392,NURS 3314C,12,0.000,Maternal and Newborn Nursing Clinical,[],[],Vanessa   Lundin,"Vanessa   Lundin (P), Katherine   Dalton ",6,6,0
Summer2023,53381,NURS 3314C,X,0.000,Maternal and Newborn Nursing Clinical,[],[],Katherine   Dalton,Katherine   Dalton (P),53,0,53
Summer2023,53027,NURS 4330,01,4.000,Population Health,"[{'days': 'MTWRF', 'times': '0830am-0430pm', 'dates': '05/12-06/02', 'location': 'NHS 104'}]",['MTWRF 0830am-0430pm 05/12-06/02 NHS 104'],Diana R.  Mager,Diana R.  Mager (P),34,34,0
Summer2023,53518,NURS 4330,02,4.000,Population Health,"[{'days': 'MTWRF', 'times': '0830am-0430pm', 'dates': '05/12-06/02', 'location': 'NHS 103'}]",['MTWRF 0830am-0430pm 05/12-06/02 NHS 103'],Diana R.  Mager,Diana R.  Mager (P),34,18,16
Summer2023,53543,NURS 4330C,01,0.000,Population Health Clinical,[],[],Jessica   Planas,"Jessica   Planas (P), Diana R.  Mager ",8,8,0
Summer2023,53395,NURS 4330C,02,0.000,Population Health Clinical,[],[],Jaclyn Elizabeth  Conelius,"Jaclyn Elizabeth  Conelius (P), Diana R.  Mager ",8,8,0
Summer2023,53396,NURS 4330C,03,0.000,Population Health Clinical,[],[],Sharon   Bradley,"Sharon   Bradley (P), Diana R.  Mager ",8,1,7
Summer2023,53397,NURS 4330C,04,0.000,Population Health Clinical,[],[],Danielle E.  Hall,"Danielle E.  Hall (P), Diana R.  Mager ",10,10,0
Summer2023,53398,NURS 4330C,05,0.000,Population Health Clinical,[],[],Janice   Sikorski,"Janice   Sikorski (P), Diana R.  Mager ",6,6,0
Summer2023,53399,NURS 4330C,06,0.000,Population Health Clinical,[],[],Kathleen D.  Lovanio,"Kathleen D.  Lovanio (P), Diana R.  Mager ",8,6,2
Summer2023,53400,NURS 4330C,07,0.000,Population Health Clinical,[],[],Laura A.  Conklin,"Laura A.  Conklin (P), Diana R.  Mager ",8,4,4
Summer2023,53401,NURS 4330C,08,0.000,Population Health Clinical,[],[],Leslie   Youngblood,"Leslie   Youngblood (P), Diana R.  Mager ",9,9,0
Summer2023,53394,NURS 4330C,X,0.000,Population Health Clinical,[],[],Diana R.  Mager,Diana R.  Mager (P),53,0,53
Summer2023,53322,NURS 4332,01,4.000,Transition to Professional Nursing,"[{'days': 'MTWRFSU', 'times': '0830am-0430pm', 'dates': '07/12-08/24', 'location': 'DSBN 101'}]",['MTWRFSU 0830am-0430pm 07/12-08/24 DSBN 101'],Mary M  Murphy,Mary M  Murphy (P),53,53,0
Summer2023,53402,NURS 4332C,01,0.000,Transition to Professional Nursing Clinical,[],[],Bianca   Robertson,"Bianca   Robertson (P), Mary M  Murphy ",6,4,2
Summer2023,53403,NURS 4332C,02,0.000,Transition to Professional Nursing Clinical,[],[],Jessica   Marraffa,"Jessica   Marraffa (P), Mary M  Murphy ",6,6,0
Summer2023,53404,NURS 4332C,03,0.000,Transition to Professional Nursing Clinical,[],[],Hannah   Zhang,"Hannah   Zhang (P), Mary M  Murphy ",6,6,0
Summer2023,53405,NURS 4332C,04,0.000,Transition to Professional Nursing Clinical,[],[],Patricia A.  Lamb,"Patricia A.  Lamb (P), Mary M  Murphy ",6,4,2
Summer2023,53406,NURS 4332C,05,0.000,Transition to Professional Nursing Clinical,[],[],Caroline Murray  Downey,"Caroline Murray  Downey (P), Kaitlyn   DeForest , Mary M  Murphy ",6,4,2
Summer2023,53407,NURS 4332C,06,0.000,Transition to Professional Nursing Clinical,[],[],Katherine   Saracino,"Katherine   Saracino (P), Mary M  Murphy ",6,2,4
Summer2023,53408,NURS 4332C,07,0.000,Transition to Professional Nursing Clinical,[],[],Katherine   Saracino,"Katherine   Saracino (P), Mary M  Murphy ",6,2,4
Summer2023,53409,NURS 4332C,08,0.000,Transition to Professional Nursing Clinical,[],[],Danielle Ellen  Morton,"Danielle Ellen  Morton (P), Mary M  Murphy ",6,4,2
Summer2023,53410,NURS 4332C,09,0.000,Transition to Professional Nursing Clinical,[],[],John Aiden  Brennan,"John Aiden  Brennan (P), Mary M  Murphy ",10,10,0
Summer2023,53411,NURS 4332C,10,0.000,Transition to Professional Nursing Clinical,[],[],Danielle Ellen  Morton,"Danielle Ellen  Morton (P), Mary M  Murphy ",8,8,0
Summer2023,53412,NURS 4332C,11,0.000,Transition to Professional Nursing Clinical,[],[],Katherine   Dalton,"Katherine   Dalton (P), Mary M  Murphy ",3,3,0
Summer2023,53029,NURS 4332C,X,0.000,Transition to Professional Nursing Clinical,[],[],Mary M  Murphy,Mary M  Murphy (P),53,0,53
Summer2023,53217,NURS 5110,01,3.000,Introduction to Professional Nursing,"[{'days': 'MTWRFS', 'times': '0830am-0430pm', 'dates': '05/22-05/30', 'location': 'NHS 224'}, {'days': 'W', 'times': '0830am-1200pm', 'dates': '05/31-05/31', 'location': 'NHS 224'}]","['MTWRFS 0830am-0430pm 05/22-05/30 NHS 224', 'W 0830am-1200pm 05/31-05/31 NHS 224', 'W 0830am-1200pm 05/31-05/31 NHS 224']",Erica   Wuchiski,Erica   Wuchiski (P),8,7,1
Summer2023,53305,NURS 5272,01,4.000,Geriatric Nursing,"[{'days': 'F', 'times': '0800am-0300pm', 'dates': '06/23-06/23', 'location': 'ONLINE '}]",['F 0800am-0300pm 06/23-06/23 ONLINE '],Meredith Wallace  Kazer,"Meredith Wallace  Kazer (P), Michelle   Saglimbene ",14,14,0
Summer2023,53300,NURS 5272C,01,0.000,Geriatric Nursing Clinical,[],[],Jessica   Marraffa,"Jessica   Marraffa (P), Meredith Wallace  Kazer , Erica   Wuchiski ",13,7,6
Summer2023,53591,NURS 5272C,02,0.000,Geriatric Nursing Clinical,[],[],Michelle   Saglimbene,"Michelle   Saglimbene (P), Meredith Wallace  Kazer , Erica   Wuchiski ",7,7,0
Summer2023,53215,NURS 5307,01,4.000,Fundamentals of Nursing Care,"[{'days': 'MTWRF', 'times': '0830am-0430pm', 'dates': '07/17-08/11', 'location': 'NHS 204'}]",['MTWRF 0830am-0430pm 07/17-08/11 NHS 204'],Gina   Petersen,Gina   Petersen (P),8,0,8
Summer2023,53520,NURS 5307,02,4.000,Fundamentals of Nursing Care,"[{'days': 'MTWRF', 'times': '0830am-0430pm', 'dates': '07/17-08/11', 'location': 'NHS 104'}]",['MTWRF 0830am-0430pm 07/17-08/11 NHS 104'],Laura A.  Conklin,Laura A.  Conklin (P),8,6,2
Summer2023,53342,NURS 5307L,01,0.000,Fundamentals of Nursing Care Lab,[],[],Gina   Petersen,"Gina   Petersen (P), Laura A.  Conklin ",8,6,2
Summer2023,53216,NURS 5307L,X,0.000,Fundamentals of Nursing Care Lab,[],[],Gina   Petersen,"Gina   Petersen (P), Laura A.  Conklin , Susan B  Reynolds ",8,0,8
Summer2023,53304,NURS 5314,01,4.000,Maternal and Newborn Nursing,"[{'days': 'TR', 'times': '0830am-1230pm', 'dates': '06/03-07/11', 'location': 'NHS 103'}]",['TR 0830am-1230pm 06/03-07/11 NHS 103'],Katherine   Dalton,Katherine   Dalton (P),13,12,1
Summer2023,53441,NURS 5314C,01,0.000,Maternal and Newborn Nursing Clinical,[],[],Regina   Rizzo,"Regina   Rizzo (P), Katherine   Dalton ",3,3,0
Summer2023,53429,NURS 5314C,02,0.000,Maternal and Newborn Nursing Clinical,[],[],Cynthia Lori  Bishop-Gran,"Cynthia Lori  Bishop-Gran (P), Katherine   Dalton ",1,1,0
Summer2023,53434,NURS 5314C,03,0.000,Maternal and Newborn Nursing Clinical,[],[],Vanessa   Lundin,"Vanessa   Lundin (P), Katherine   Dalton ",1,1,0
Summer2023,53592,NURS 5314C,04,0.000,Maternal and Newborn Nursing Clinical,[],[],Kaleigh Clark  White,"Kaleigh Clark  White (P), Katherine   Dalton ",1,2,-1
Summer2023,53593,NURS 5314C,05,0.000,Maternal and Newborn Nursing Clinical,[],[],Lynette   Willie,"Lynette   Willie (P), Katherine   Dalton ",5,4,1
Summer2023,53339,NURS 5314C,X,0.000,Maternal and Newborn Nursing Clinical,[],[],Katherine   Dalton,Katherine   Dalton (P),14,1,13
Summer2023,53303,NURS 5330,01,4.000,Population Health,"[{'days': 'MTWRF', 'times': '0830am-0430pm', 'dates': '05/12-06/02', 'location': 'NHS 104'}]",['MTWRF 0830am-0430pm 05/12-06/02 NHS 104'],Diana R.  Mager,Diana R.  Mager (P),12,12,0
Summer2023,53521,NURS 5330,02,4.000,Population Health,"[{'days': 'MTWRF', 'times': '0830am-0430pm', 'dates': '05/12-06/02', 'location': 'NHS 103'}]",['MTWRF 0830am-0430pm 05/12-06/02 NHS 103'],Diana R.  Mager,Diana R.  Mager (P),12,0,12
Summer2023,53418,NURS 5330C,01,0.000,Population Health Clinical,[],[],Sharon   Bradley,"Sharon   Bradley (P), Diana R.  Mager ",7,7,0
Summer2023,53565,NURS 5330C,02,0.000,Population Health Clinical,[],[],Kathleen D.  Lovanio,"Kathleen D.  Lovanio (P), Diana R.  Mager ",2,2,0
Summer2023,53566,NURS 5330C,03,0.000,Population Health Clinical,[],[],Laura A.  Conklin,"Laura A.  Conklin (P), Diana R.  Mager ",3,3,0
Summer2023,53340,NURS 5330C,X,0.000,Population Health Clinical,[],[],Diana R.  Mager,Diana R.  Mager (P),14,0,14
Summer2023,53030,NURS 7602,01,3.000,Healthcare Economics and Marketing,[],[],Anna-Maria   Aksan,Anna-Maria   Aksan (P),20,20,0
Summer2023,53031,NURS 7604,01,4.000,Advanced Health Assessment,"[{'days': 'R', 'times': '0500pm-0900pm', 'dates': '05/22-08/18', 'location': 'NHS 204'}]",['R 0500pm-0900pm 05/22-08/18 NHS 204'],John Joseph  DiGiacomo,John Joseph  DiGiacomo (P),25,18,7
Summer2023,53032,NURS 7604,02,4.000,Advanced Health Assessment,"[{'days': 'MW', 'times': '0900am-0100pm', 'dates': '06/05-07/12', 'location': 'NHS 210'}]",['MW 0900am-0100pm 06/05-07/12 NHS 210'],Seyissa Kimberly  Maule,"Seyissa Kimberly  Maule (P), Christopher Ryan  Lacerenza ",15,6,9
Summer2023,53033,NURS 7605,01,3.000,Advanced Health Policy,[],[],Karen H.  Burrows,Karen H.  Burrows (P),36,32,4
Summer2023,53035,NURS 7608,01,3.000,Research Methods for Evidence-Based Practice,"[{'days': 'T', 'times': '0500pm-0730pm', 'dates': '05/22-08/18', 'location': 'NHS 403'}]",['T 0500pm-0730pm 05/22-08/18 NHS 403'],Dorothy   Vittner,Dorothy   Vittner (P),25,19,6
Summer2023,53519,NURS 7608,02,3.000,Research Methods for Evidence-Based Practice,[],[],Susan N.  Bartos,Susan N.  Bartos (P),10,4,6
Summer2023,53036,NURS 7611,01,3.000,Social and Behavioral Determinants of Health,"[{'days': 'M', 'times': '0900am-0300pm', 'dates': '05/22-05/22', 'location': 'NHS 204'}, {'days': 'M', 'times': '0900am-1100am', 'dates': '06/12-06/12', 'location': 'NHS 204'}, {'days': 'M', 'times': '0900am-1100am', 'dates': '06/26-06/26', 'location': 'NHS 204'}]","['M 0900am-0300pm 05/22-05/22 NHS 204', 'M 0900am-1100am 06/12-06/12 NHS 204', 'M 0900am-1100am 06/12-06/12 NHS 204', 'M 0900am-1100am 06/26-06/26 NHS 204', 'M 0900am-1100am 06/26-06/26 NHS 204']",Diana R.  Mager,Diana R.  Mager (P),56,52,4
Summer2023,53037,NURS 7612,01,3.000,Research Translation for Clinical Practice,"[{'days': 'W', 'times': '0500pm-0800pm', 'dates': '05/22-08/18', 'location': 'NHS 403'}]",['W 0500pm-0800pm 05/22-08/18 NHS 403'],Cynthia A.  Bautista,Cynthia A.  Bautista (P),25,18,7
Summer2023,53038,NURS 7614,01,3.000,Information Technology for Healthcare Improvement,"[{'days': 'M', 'times': '0500pm-0730pm', 'dates': '05/22-08/18', 'location': 'NHS 403'}]",['M 0500pm-0730pm 05/22-08/18 NHS 403'],Dorothy   Vittner,Dorothy   Vittner (P),25,21,4
Summer2023,53302,NURS 7614,02,3.000,Information Technology for Healthcare Improvement,[],[],Linda N.  Roney,Linda N.  Roney (P),15,10,5
Summer2023,53039,NURS 7620,01,3.000,Advanced Concepts in Pathophysiology,"[{'days': 'TR', 'times': '0900am-1200pm', 'dates': '06/06-07/13', 'location': 'NHS 204'}]",['TR 0900am-1200pm 06/06-07/13 NHS 204'],Erin   Fusco,"Erin   Fusco (P), Christopher Ryan  Lacerenza ",15,7,8
Summer2023,53040,NURS 7641,01,3.000,Advanced Pharmacology,"[{'days': 'R', 'times': '0500pm-0730pm', 'dates': '05/22-08/18', 'location': 'NHS 203'}]",['R 0500pm-0730pm 05/22-08/18 NHS 203'],Rose   Iannino-Renz,Rose   Iannino-Renz (P),40,39,1
Summer2023,53041,NURS 7667,01,3.000,Psychopharmacology,"[{'days': 'W', 'times': '0500pm-0800pm', 'dates': '05/22-08/18', 'location': 'NHS 204'}]",['W 0500pm-0800pm 05/22-08/18 NHS 204'],Samantha K  Mraz,"Samantha K  Mraz (P), Karen Joyce  Corcoran ",15,12,3
Summer2023,53042,NURS 7670,01,3.000,Human Anatomy and Physiology for Nurse Anesthetists,"[{'days': 'TR', 'times': '0100pm-0400pm', 'dates': '05/22-08/18', 'location': 'BNW 124'}]",['TR 0100pm-0400pm 05/22-08/18 BNW 124'],Christine   Earls,Christine   Earls (P),26,25,1
Summer2023,53043,NURS 7687,01,1.000-6.000,DNP Immersion,[],[],Sally O.  Gerard,Sally O.  Gerard (P),35,35,0
Summer2023,53044,NURS 7687,02,1.000-6.000,DNP Immersion,[],[],Steven Lewis  Belmont,Steven Lewis  Belmont (P),35,15,20
Summer2023,53045,NURS 7951,01,4.000,Practicum in Adult Health I,"[{'days': 'M', 'times': '0500pm-0830pm', 'dates': '05/22-05/22', 'location': 'NHS 103'}, {'days': 'M', 'times': '0500pm-0830pm', 'dates': '07/17-07/17', 'location': 'NHS 104'}, {'days': 'M', 'times': '0500pm-0830pm', 'dates': '08/21-08/21', 'location': 'NHS 104'}]","['M 0500pm-0830pm 05/22-05/22 NHS 103', 'M 0500pm-0830pm 07/17-07/17 NHS 104', 'M 0500pm-0830pm 07/17-07/17 NHS 104', 'M 0500pm-0830pm 08/21-08/21 NHS 104', 'M 0500pm-0830pm 08/21-08/21 NHS 104']",Jaclyn Elizabeth  Conelius,"Jaclyn Elizabeth  Conelius (P), John Joseph  DiGiacomo , Rose   Iannino-Renz ",25,20,5
Summer2023,53046,NURS 7954,01,4.000,Practicum I: PMHNP,"[{'days': 'T', 'times': '0600pm-0800pm', 'dates': '05/22-08/18', 'location': 'BNW 139'}]",['T 0600pm-0800pm 05/22-08/18 BNW 139'],Monica A.  Starr,"Monica A.  Starr (P), Irene   Bihl , Janice   Holmes ",15,11,4
Summer2023,53007,NSAN 7671,01,3.000,Chemistry and Physics for Nurse Anesthetists,"[{'days': 'W', 'times': '1230pm-0330pm', 'dates': '05/22-08/18', 'location': 'NHS 210'}]",['W 1230pm-0330pm 05/22-08/18 NHS 210'],Rose Danielle  Piccolo,Rose Danielle  Piccolo (P),26,25,1
Summer2023,53289,NSAN 7673,01,2.000,Principles of Nurse Anesthesia Practice I,"[{'days': 'W', 'times': '0800am-1200pm', 'dates': '05/22-08/18', 'location': 'NHS 411'}]",['W 0800am-1200pm 05/22-08/18 NHS 411'],Steven Lewis  Belmont,Steven Lewis  Belmont (P),26,25,1
Summer2023,53008,NSAN 7675,01,1.000,Clinical Orientation and Specialty Rotations,"[{'days': 'TR', 'times': '0800am-1200pm', 'dates': '05/22-08/18', 'location': 'NHS 203'}]",['TR 0800am-1200pm 05/22-08/18 NHS 203'],Christine Nicole  Aloi,Christine Nicole  Aloi (P),24,24,0
Summer2023,53009,NSAN 7676,01,2.000,Regional Anesthesia and Pain Management in Clinical Practice,"[{'days': 'W', 'times': '0100pm-0500pm', 'dates': '05/22-08/18', 'location': 'NHS 411'}]",['W 0100pm-0500pm 05/22-08/18 NHS 411'],Steven Lewis  Belmont,Steven Lewis  Belmont (P),24,24,0
Summer2023,53509,NSAN 7679,01,2.000,Principles of Nurse Anesthesia Practice IV,"[{'days': 'TR', 'times': '0100pm-0330pm', 'dates': '05/22-08/18', 'location': 'NHS 203'}]",['TR 0100pm-0330pm 05/22-08/18 NHS 203'],Steven Lewis  Belmont,"Steven Lewis  Belmont (P), Christine Nicole  Aloi ",24,24,0
Summer2023,53010,NSAN 7953,01,2.000,Clinical Practicum III,[],[],Leigh   Taylor,Leigh   Taylor (P),15,15,0
Summer2023,53011,NSMW 7623,01,3.000,"Primary Care and Gynecologic, Reproductive, and Sexual Health for Nurse Midwifery II","[{'days': 'W', 'times': '0900am-0200pm', 'dates': '05/22-08/18', 'location': 'NHS 407'}]",['W 0900am-0200pm 05/22-08/18 NHS 407'],Melissa Rendeiro  Gregorio,Melissa Rendeiro  Gregorio (P),5,4,1
Summer2023,53012,NSMW 7952,01,3.000,"Primary Care and Gynecologic, Reproductive, and Sexual Health for Nurse Midwifery Clinical",[],[],Stephanie   Welsh,Stephanie   Welsh (P),5,4,1
Summer2023,53001,NUTR 7030,01,3.000,Nutrition Pharmacology,"[{'days': 'R', 'times': '0500pm-0730pm', 'dates': '05/22-08/18', 'location': 'NHS 407'}]",['R 0500pm-0730pm 05/22-08/18 NHS 407'],Janet   Stuhrcke,Janet   Stuhrcke (P),10,5,5
Summer2023,53002,NUTR 7040,01,3.000,Nutrition Metabolism,"[{'days': 'M', 'times': '0500pm-0730pm', 'dates': '05/22-08/18', 'location': 'NHS 407'}]",['M 0500pm-0730pm 05/22-08/18 NHS 407'],Lisa   Vitanza Bunce,Lisa   Vitanza Bunce (P),10,5,5
Summer2023,53506,NUTR 7050,01,3.000,Nutrition for Prevention and Treatment of Chronic Disease,"[{'days': 'W', 'times': '0500pm-0730pm', 'dates': '05/22-08/18', 'location': 'NHS 407'}]",['W 0500pm-0730pm 05/22-08/18 NHS 407'],Mackenzie   Gordon,Mackenzie   Gordon (P),10,5,5
Summer2023,53325,NUTR 7055,01,3.000,Nutrition and Global Health,"[{'days': 'T', 'times': '0500pm-0730pm', 'dates': '05/22-08/18', 'location': 'ONLINE '}]",['T 0500pm-0730pm 05/22-08/18 ONLINE '],Mackenzie   Gordon,Mackenzie   Gordon (P),10,8,2
Summer2023,53507,NUTR 7953,01,3.000,Nutrition Practicum I,[],[],Elizabeth Ann  Sack,Elizabeth Ann  Sack (P),10,6,4
Summer2023,53231,PHIL 1101,01,3.000,Introduction to Philosophy,[],[],Jason A.  Smith,Jason A.  Smith (P),20,12,8
Summer2023,53345,PHIL 1101,02,3.000,Introduction to Philosophy,"[{'days': 'MTWRF', 'times': '0930am-1130am', 'dates': '05/22-06/02', 'location': 'ONLINE '}]",['MTWRF 0930am-1130am 05/22-06/02 ONLINE '],Ryan T.  Drake,Ryan T.  Drake (P),19,6,13
Summer2023,53239,PHYS 1171,01,3.000,General Physics I,"[{'days': 'MTWR', 'times': '0800am-1000am', 'dates': '05/22-06/22', 'location': 'BNW 341'}, {'days': 'F', 'times': '0800am-1000am', 'dates': '06/23-06/23', 'location': 'BNW 138'}]","['MTWR 0800am-1000am 05/22-06/22 BNW 341', 'F 0800am-1000am 06/23-06/23 BNW 138', 'F 0800am-1000am 06/23-06/23 BNW 138']",Jonathan J.  Stott,Jonathan J.  Stott (P),24,5,19
Summer2023,53113,PHYS 1171L,01,1.000,General Physics I Lab,"[{'days': 'TWR', 'times': '1030am-1230pm', 'dates': '05/23-06/22', 'location': 'BNW 162'}]",['TWR 1030am-1230pm 05/23-06/22 BNW 162'],Frederick   Bird,Frederick   Bird (P),24,5,19
Summer2023,53114,PHYS 1172,01,3.000,General Physics II,"[{'days': 'MTWR', 'times': '0800am-1000am', 'dates': '07/10-08/10', 'location': 'BNW GR22'}]",['MTWR 0800am-1000am 07/10-08/10 BNW GR22'],Jonathan J.  Stott,Jonathan J.  Stott (P),24,5,19
Summer2023,53115,PHYS 1172L,01,1.000,General Physics II Lab,"[{'days': 'TWR', 'times': '1030am-1230pm', 'dates': '07/11-08/10', 'location': 'BNW 162'}]",['TWR 1030am-1230pm 07/11-08/10 BNW 162'],Joachim   Kuhn,Joachim   Kuhn (P),24,6,18
Summer2023,53080,POLI 1101,01,3.000,Introduction to American Politics,[],[],Gayle A.  Alberda,Gayle A.  Alberda (P),19,15,4
Summer2023,53081,POLI 2476,01,3.000,United States Foreign Policy,[],[],Lucrecia   Garcia Iommi,Lucrecia   Garcia Iommi (P),20,6,14
Summer2023,53489,PSYC 1110,01,3.000,Lifespan Development,[],[],Jean   Peloso,Jean   Peloso (P),20,14,6
Summer2023,53430,PSYC 2310,01,3.000,Psychopathology and Clinical Science,[],[],Margaret M.  McClure,Margaret M.  McClure (P),20,9,11
Summer2023,53323,PSYC 5310,01,3.000,"Diversity, Equity, and Inclusion at Work","[{'days': 'T', 'times': '0600pm-0915pm', 'dates': '07/11-08/01', 'location': 'ONLINE '}]","['T 0600pm-0915pm 07/11-08/01 ONLINE ', 'T 0600pm-0915pm 07/11-08/01 ONLINE ']",Jennifer D  Lewis,Jennifer D  Lewis (P),15,11,4
Summer2023,53101,PSYC 6230,01,3.000,Program Evaluation,"[{'days': 'T', 'times': '0600pm-0915pm', 'dates': '05/30-06/20', 'location': 'ONLINE '}]","['T 0600pm-0915pm 05/30-06/20 ONLINE ', 'T 0600pm-0915pm 05/30-06/20 ONLINE ']",Kathleen   Tomlin,Kathleen   Tomlin (P),15,8,7
Summer2023,53603,PSYC 6999,01,0.000,Comprehensive Exam in Applied Psychology,[],[],Kathleen   Tomlin,Kathleen   Tomlin (P),1,1,0
Summer2023,53349,PSYG 5433,01,3.000,Applied Statistics for School Psychologists,"[{'days': 'MW', 'times': '0500pm-0800pm', 'dates': '07/10-08/18', 'location': 'DSBN 216'}]",['MW 0500pm-0800pm 07/10-08/18 DSBN 216'],Emily Louise  Winter,Emily Louise  Winter (P),15,13,2
Summer2023,53169,PSYG 5436,01,3.000,Psychopathology and Classification I,"[{'days': 'TR', 'times': '0500pm-0800pm', 'dates': '05/22-06/30', 'location': 'DSBN 206'}]",['TR 0500pm-0800pm 05/22-06/30 DSBN 206'],Michael F.  Regan,Michael F.  Regan (P),20,11,9
Summer2023,53170,PSYG 6449,01,3.000,Introduction to Clinical Child Neuropsychology,"[{'days': 'MW', 'times': '0500pm-0800pm', 'dates': '05/22-06/30', 'location': 'DSBN 110'}]",['MW 0500pm-0800pm 05/22-06/30 DSBN 110'],Michael F.  Regan,Michael F.  Regan (P),15,9,6
Summer2023,53171,PSYG 6952,01,3.000,Practicum II: Counseling and Group Process,"[{'days': 'T', 'times': '0200pm-0400pm', 'dates': '05/22-06/30', 'location': 'NHS 411'}]",['T 0200pm-0400pm 05/22-06/30 NHS 411'],Paula   Gill Lopez,Paula   Gill Lopez (P),5,5,0
Summer2023,53172,PSYG 6952,02,3.000,Practicum II: Counseling and Group Process,"[{'days': 'T', 'times': '0430pm-0630pm', 'dates': '05/22-06/30', 'location': 'NHS 411'}]",['T 0430pm-0630pm 05/22-06/30 NHS 411'],Paula   Gill Lopez,Paula   Gill Lopez (P),4,4,0
Summer2023,53173,PSYG 6999,01,0.000,Comprehensive Examination in School Psychology,[],[],Paula   Gill Lopez,Paula   Gill Lopez (P),15,12,3
Summer2023,53233,PUAD 5430,01,3.000,Economics of the Nonprofit Sector,[],[],Mark S.  Leclair,Mark S.  Leclair (P),12,6,6
Summer2023,53508,PUBH 5101,01,3.000,Foundations of Public Health,[],[],Anthony   Santella,Anthony   Santella (P),10,4,6
Summer2023,53151,RLDV 5585,01,3.000,Writing Components and Processes in the Language Arts Program,"[{'days': 'TR', 'times': '0430pm-0830pm', 'dates': '05/22-06/30', 'location': 'DSBN 212'}]",['TR 0430pm-0830pm 05/22-06/30 DSBN 212'],Jennifer C.  Hornyak,Jennifer C.  Hornyak (P),16,4,12
Summer2023,53153,RLDV 6951,01,3.000-6.000,Clinical Practicum: Structured Literacy,[],[],Jaclyn J.  Cincotta,Jaclyn J.  Cincotta (P),10,3,7
Summer2023,53318,RLDV 6990,01,1.000-3.000,IS:  Developmental Literacy Remediation Gr 3+,[],[],Margaret   Iandoli-Cole,Margaret   Iandoli-Cole (P),1,1,0
Summer2023,53088,RLST 1002,01,3.000,"Common Questions, Traditional Response",[],[],John T.  Slotemaker,John T.  Slotemaker (P),20,20,0
Summer2023,53089,RLST 1002,02,3.000,"Common Questions, Traditional Response",[],[],John T.  Slotemaker,John T.  Slotemaker (P),20,20,0
Summer2023,53090,RLST 1002,03,3.000,"Common Questions, Traditional Response",[],[],Daniel B.  Cosacchi,Daniel B.  Cosacchi (P),20,11,9
Summer2023,53553,RLST 1002,04,3.000,"Common Questions, Traditional Response",[],[],John T.  Slotemaker,John T.  Slotemaker (P),20,20,0
Summer2023,53093,RLST 2428,01,3.000,Early Christianity,[],[],Thomas C.  Schmidt,Thomas C.  Schmidt (P),20,17,3
Summer2023,53560,RLST 2428,02,3.000,Early Christianity,[],[],Thomas C.  Schmidt,Thomas C.  Schmidt (P),20,13,7
Summer2023,53176,SWRG 5433,01,3.000,Social Justice and Diversity in Professional Practice,[],[],LaTasha   Smith,LaTasha   Smith (P),10,5,5
Summer2023,53599,SWRG 5447,02,3.000,Human Dev/Family Lifecycle,"[{'days': 'T', 'times': '1000am-0300pm', 'dates': '07/10-08/18', 'location': 'DSBN 204'}]",['T 1000am-0300pm 07/10-08/18 DSBN 204'],Karen E  Giunta,Karen E  Giunta (P),10,4,6
Summer2023,53179,SWRG 6562,01,3.000,Social Work Fieldwork II,"[{'days': 'T', 'times': '0100pm-0300pm', 'dates': '05/22-06/27', 'location': 'ONLINE '}, {'days': 'W', 'times': '0100pm-0300pm', 'dates': '07/12-08/16', 'location': 'ONLINE '}]","['T 0100pm-0300pm 05/22-06/27 ONLINE ', 'W 0100pm-0300pm 07/12-08/16 ONLINE ', 'W 0100pm-0300pm 07/12-08/16 ONLINE ']",Jay C.  Taylor,Jay C.  Taylor (P),20,3,17
Summer2023,53219,SWRG 6562P,01,6.000,Social Work Fieldwork II,[],[],Jay C.  Taylor,Jay C.  Taylor (P),6,0,6
Summer2023,53286,SOCI 2220,01,3.000,Criminal Justice System Seminar,"[{'days': 'MTWRF', 'times': '0930am-1200pm', 'dates': '05/22-06/02', 'location': 'ONLINE '}]",['MTWRF 0930am-1200pm 05/22-06/02 ONLINE '],Rose P.  Rodrigues,Rose P.  Rodrigues (P),8,8,0
Summer2023,53602,SOCI 4990,01,1.000,Independent Study,[],[],Rose P.  Rodrigues,Rose P.  Rodrigues (P),1,1,0
Summer2023,53486,SWEG 6461,01,3.000,Pattern Recognition,[],[],Jeffrey N.  Denenberg,Jeffrey N.  Denenberg (P),12,6,6
Summer2023,53155,SPED 5401,01,3.000,Augmentative Alternative Communications and Assistive Technologies,"[{'days': 'TR', 'times': '0430pm-0830pm', 'dates': '05/30-06/29', 'location': 'ONLINE '}]",['TR 0430pm-0830pm 05/30-06/29 ONLINE '],Vittoria   Fielosh,Vittoria   Fielosh (P),20,6,14
Summer2023,53156,SPED 5403,01,3.000,Foundations in Research and Evaluation of Psychoeducational Issues in Special Education,[],[],Amy Danielle  Glazer,Amy Danielle  Glazer (P),21,21,0
Summer2023,53157,SPED 5486,01,3.000,Developmental Literacy I: Fundamentals of Reading and Language Development,"[{'days': 'TR', 'times': '0430pm-0830pm', 'dates': '07/10-08/18', 'location': 'DSBN 212'}]",['TR 0430pm-0830pm 07/10-08/18 DSBN 212'],Jennifer C.  Hornyak,Jennifer C.  Hornyak (P),10,7,3
Summer2023,53158,SPED 6550,01,3.000,Collaboration and Consultation for the Special Educator,"[{'days': 'MW', 'times': '0430pm-0830pm', 'dates': '05/22-06/30', 'location': 'ONLINE '}]",['MW 0430pm-0830pm 05/22-06/30 ONLINE '],Deborah L.  Edelman,Deborah L.  Edelman (P),20,6,14
Summer2023,53159,SPED 6565,01,3.000,Evidence-Based Strategies in the Inclusive Classroom,"[{'days': 'TR', 'times': '0430pm-0830pm', 'dates': '07/10-08/18', 'location': 'ONLINE '}]",['TR 0430pm-0830pm 07/10-08/18 ONLINE '],Michael L.  Rizzo,Michael L.  Rizzo (P),16,15,1
Summer2023,53160,SPED 6565,02,3.000,Evidence-Based Strategies in the Inclusive Classroom,"[{'days': 'TR', 'times': '0430pm-0830pm', 'dates': '07/10-08/18', 'location': 'ONLINE '}]",['TR 0430pm-0830pm 07/10-08/18 ONLINE '],Deborah L.  Edelman,Deborah L.  Edelman (P),16,12,4
Summer2023,53161,SPED 6951,01,3.000,Practicum/DSAP in Special Education,[],[],Catherine M.  Carmona,Catherine M.  Carmona (P),6,2,4
Summer2023,53162,SPED 6952,01,3.000,Practicum/DSAP in Special Education,[],[],Catherine M.  Carmona,Catherine M.  Carmona (P),6,1,5
Summer2023,53482,SART 1016,01,3.000,Introduction to 2-D Design,[],[],Tonya   Lee,Tonya   Lee (P),20,10,10
Summer2023,53190,SHS 0013,01,0.000,Nursing: The Possibilities Are Endless,"[{'days': 'MTWRF', 'times': '0900am-1200pm', 'dates': '07/10-07/14', 'location': 'ONLINE '}]",['MTWRF 0900am-1200pm 07/10-07/14 ONLINE '],Laura A.  Conklin,"Laura A.  Conklin (P), Danielle E.  Hall ",25,15,10
Summer2023,53163,TSLA 5422,01,3.000,Teaching Grammar in Second Language Settings,"[{'days': 'MW', 'times': '0400pm-0800pm', 'dates': '07/10-08/02', 'location': 'ONLINE '}, {'days': 'F', 'times': '0400pm-0800pm', 'dates': '07/14-07/14', 'location': 'ONLINE '}, {'days': 'F', 'times': '0400pm-0800pm', 'dates': '07/21-07/21', 'location': 'ONLINE '}]","['MW 0400pm-0800pm 07/10-08/02 ONLINE ', 'F 0400pm-0800pm 07/14-07/14 ONLINE ', 'F 0400pm-0800pm 07/14-07/14 ONLINE ', 'F 0400pm-0800pm 07/21-07/21 ONLINE ', 'F 0400pm-0800pm 07/21-07/21 ONLINE ']",Kristina R  Lawson,Kristina R  Lawson (P),20,8,12
Summer2023,53164,TSLA 5441,01,3.000,Teaching and Learning within Multicultural Contexts of Education,"[{'days': 'MW', 'times': '0400pm-0800pm', 'dates': '06/05-06/28', 'location': 'ONLINE '}]",['MW 0400pm-0800pm 06/05-06/28 ONLINE '],Antonio   Simoes,Antonio   Simoes (P),20,9,11
Summer2023,53551,TSLA 6439,01,3.000,Methods of Foreign Language Teaching for Elementary School,"[{'days': 'MW', 'times': '0400pm-0800pm', 'dates': '07/17-08/09', 'location': 'DSBN 215'}]",['MW 0400pm-0800pm 07/17-08/09 DSBN 215'],Giorgia   Stabile,Giorgia   Stabile (P),15,5,10
Summer2023,53166,TSLA 6522,01,3.000,Emergent Literacy in the TESOL/Bilingual Curriculum (PK-3),"[{'days': 'F', 'times': '0900am-0300pm', 'dates': '07/28-07/28', 'location': 'DSBN 202'}, {'days': 'TR', 'times': '0400pm-0800pm', 'dates': '08/01-08/10', 'location': 'DSBN 202'}]","['F 0900am-0300pm 07/28-07/28 DSBN 202', 'TR 0400pm-0800pm 08/01-08/10 DSBN 202', 'TR 0400pm-0800pm 08/01-08/10 DSBN 202']",Heather R.  Pellicone,Heather R.  Pellicone (P),20,4,16
Summer2023,53556,TSLA 6900,01,1.000-3.000,SP:  Lang. Assess. for ELs,[],[],Kristina R  Lawson,Kristina R  Lawson (P),1,1,0
Summer2023,53600,TSLA 6990,01,1.000-3.000,Ind. Study: Using ASL in ESL Classes,[],[],Anne E  Campbell,Anne E  Campbell (P),1,1,0
Summer2023,53167,TSLA 6999A,01,3.000,Capstone Seminar in Inclusive Language Teaching,"[{'days': 'TR', 'times': '0400pm-0800pm', 'dates': '05/23-06/01', 'location': 'DSBN 113'}, {'days': 'TR', 'times': '0400pm-0800pm', 'dates': '06/12-06/29', 'location': 'DSBN 113'}, {'days': 'TR', 'times': '0400pm-0800pm', 'dates': '07/11-07/20', 'location': 'DSBN 113'}]","['TR 0400pm-0800pm 05/23-06/01 DSBN 113', 'TR 0400pm-0800pm 06/12-06/29 DSBN 113', 'TR 0400pm-0800pm 06/12-06/29 DSBN 113', 'TR 0400pm-0800pm 07/11-07/20 DSBN 113', 'TR 0400pm-0800pm 07/11-07/20 DSBN 113']",Antonio   Simoes,Antonio   Simoes (P),8,4,4
Summer2023,53260,TAXN 6510,01,3.000,Entity Taxation,"[{'days': 'T', 'times': '0800am-1100am', 'dates': '05/23-06/20', 'location': 'DSBN 201'}, {'days': 'F', 'times': '0800am-1100am', 'dates': '05/26-05/26', 'location': 'DSBN 201'}, {'days': 'F', 'times': '0200pm-0500pm', 'dates': '06/02-06/02', 'location': 'DSBN 201'}, {'days': 'F', 'times': '0800am-1100am', 'dates': '06/09-06/23', 'location': 'DSBN 201'}, {'days': 'W', 'times': '0100pm-0630pm', 'dates': '06/28-06/28', 'location': 'DSBN 201'}]","['T 0800am-1100am 05/23-06/20 DSBN 201', 'F 0800am-1100am 05/26-05/26 DSBN 201', 'F 0800am-1100am 05/26-05/26 DSBN 201', 'F 0200pm-0500pm 06/02-06/02 DSBN 201', 'F 0200pm-0500pm 06/02-06/02 DSBN 201', 'F 0800am-1100am 06/09-06/23 DSBN 201', 'F 0800am-1100am 06/09-06/23 DSBN 201', 'W 0100pm-0630pm 06/28-06/28 DSBN 201', 'W 0100pm-0630pm 06/28-06/28 DSBN 201']",Kathi M.  Mettler,Kathi M.  Mettler (P),20,23,-3
Summer2023,53261,TAXN 6510,02,3.000,Entity Taxation,"[{'days': 'T', 'times': '1130am-0230pm', 'dates': '05/23-06/20', 'location': 'DSBN 201'}, {'days': 'F', 'times': '1130am-0230pm', 'dates': '05/26-05/26', 'location': 'DSBN 201'}, {'days': 'F', 'times': '0200pm-0500pm', 'dates': '06/02-06/02', 'location': 'DSBN 201'}, {'days': 'F', 'times': '1130am-0230pm', 'dates': '06/09-06/23', 'location': 'DSBN 201'}, {'days': 'W', 'times': '0100pm-0630pm', 'dates': '06/28-06/28', 'location': 'DSBN 201'}]","['T 1130am-0230pm 05/23-06/20 DSBN 201', 'F 1130am-0230pm 05/26-05/26 DSBN 201', 'F 1130am-0230pm 05/26-05/26 DSBN 201', 'F 0200pm-0500pm 06/02-06/02 DSBN 201', 'F 0200pm-0500pm 06/02-06/02 DSBN 201', 'F 1130am-0230pm 06/09-06/23 DSBN 201', 'F 1130am-0230pm 06/09-06/23 DSBN 201', 'W 0100pm-0630pm 06/28-06/28 DSBN 201', 'W 0100pm-0630pm 06/28-06/28 DSBN 201']",Kathi M.  Mettler,Kathi M.  Mettler (P),20,20,0
Summer2023,53262,TAXN 6510,03,3.000,Entity Taxation,"[{'days': 'T', 'times': '0300pm-0600pm', 'dates': '05/23-06/20', 'location': 'DSBN 201'}, {'days': 'F', 'times': '0300pm-0600pm', 'dates': '05/26-05/26', 'location': 'DSBN 201'}, {'days': 'F', 'times': '0200pm-0500pm', 'dates': '06/02-06/02', 'location': 'DSBN 201'}, {'days': 'F', 'times': '0300pm-0600pm', 'dates': '06/09-06/23', 'location': 'DSBN 201'}, {'days': 'W', 'times': '0100pm-0630pm', 'dates': '06/28-06/28', 'location': 'DSBN 201'}]","['T 0300pm-0600pm 05/23-06/20 DSBN 201', 'F 0300pm-0600pm 05/26-05/26 DSBN 201', 'F 0300pm-0600pm 05/26-05/26 DSBN 201', 'F 0200pm-0500pm 06/02-06/02 DSBN 201', 'F 0200pm-0500pm 06/02-06/02 DSBN 201', 'F 0300pm-0600pm 06/09-06/23 DSBN 201', 'F 0300pm-0600pm 06/09-06/23 DSBN 201', 'W 0100pm-0630pm 06/28-06/28 DSBN 201', 'W 0100pm-0630pm 06/28-06/28 DSBN 201']",Kathi M.  Mettler,Kathi M.  Mettler (P),20,17,3
Summer2023,53456,TAXN 6530,01,3.000,Partnership Taxation,"[{'days': 'W', 'times': '1100am-0200pm', 'dates': '05/24-05/24', 'location': 'DSBN 201'}, {'days': 'S', 'times': '1100am-0200pm', 'dates': '05/27-06/24', 'location': 'DSBN 201'}, {'days': 'R', 'times': '1100am-0200pm', 'dates': '06/01-06/01', 'location': 'DSBN 201'}, {'days': 'W', 'times': '1100am-0200pm', 'dates': '06/07-06/21', 'location': 'DSBN 201'}, {'days': 'T', 'times': '1100am-0200pm', 'dates': '06/27-06/27', 'location': 'DSBN 201'}, {'days': 'F', 'times': '1100am-0200pm', 'dates': '06/30-06/30', 'location': 'DSBN 201'}]","['W 1100am-0200pm 05/24-05/24 DSBN 201', 'S 1100am-0200pm 05/27-06/24 DSBN 201', 'S 1100am-0200pm 05/27-06/24 DSBN 201', 'R 1100am-0200pm 06/01-06/01 DSBN 201', 'R 1100am-0200pm 06/01-06/01 DSBN 201', 'W 1100am-0200pm 06/07-06/21 DSBN 201', 'W 1100am-0200pm 06/07-06/21 DSBN 201', 'T 1100am-0200pm 06/27-06/27 DSBN 201', 'T 1100am-0200pm 06/27-06/27 DSBN 201', 'F 1100am-0200pm 06/30-06/30 DSBN 201', 'F 1100am-0200pm 06/30-06/30 DSBN 201']",Ira P.  Klein,Ira P.  Klein (P),20,20,0
